Country Name,Country Code,Indicator Name,Indicator Code,1961,1962,1963,1964,1965,1966,1967,1968,1969,1970,1971,1972,1973,1974,1975,1976,1977,1978,1979,1980,1981,1982,1983,1984,1985,1986,1987,1988,1989,1990,1991,1992,1993,1994,1995,1996,1997,1998,1999,2000,2001,2002,2003,2004,2005,2006,2007,2008,2009,2010,2011,2012,2013
Aruba,ABW,"Foreign direct investment, net inflows (BoP, current US$)",BX.KLT.DINV.CD.WD,,,,,,,,,,,,,,,,,,,,,,,,,,,1087875.796,12264016.63,1300000,130502793.3,184748603.4,-36983240.22,-17932960.89,-73184357.54,-5530726.257,84469273.74,195921787.7,83575418.99,463016759.8,-127988826.8,-267932960.9,261284916.2,154525139.7,133910614.5,-207798005.9,220316139.7,-470976976.9,14752121.88,-31718538.17,158357713.7,467999946.7,-139951959.8,
Andorra,AND,"Foreign direct investment, net inflows (BoP, current US$)",BX.KLT.DINV.CD.WD,,,,,,,,,,,,,,,,,,,,,,,,,,,,,,,,,,,,,,,,,,,,,,,,,,,,,
Afghanistan,AFG,"Foreign direct investment, net inflows (BoP, current US$)",BX.KLT.DINV.CD.WD,,,,,,,,,,230000,450000,150000,270000,,,40000,-240000,,1200000,9000000,180000,100000,,,,,400000,,,,-280000,360000,-20000,20000,-93326.6667,690000,-1460000,-10000,6040000,170000,680000,50000000,57800000,186900000,271000000,238000000,188690000,87276201,213670260,75649209,91227567,94013759,
Angola,AGO,"Foreign direct investment, net inflows (BoP, current US$)",BX.KLT.DINV.CD.WD,,,,,,,,,,2400000,1860000,2160000,7540000,6690000,50000,-1170000,,1870000,2000000,37420000,49050000,115810000,104330000,67140000,278000000,234000000,119000000,131000000,200000000,-334800000,664500000,287956000,302100000,170300000,472427000,180559000,411660000,1113970000,2471460000,878620000,2145470000,1672093000,3504701780,1449231820,-1303836930,-37714860,-893342152,1678971010,2205298180,-3227211182,-3023770966,-6897954559,
Albania,ALB,"Foreign direct investment, net inflows (BoP, current US$)",BX.KLT.DINV.CD.WD,,,,,,,,,,,,,,,,,,,,,,,,,,,,,,,,20000000,58000000,53000000,70000000,90100000,47500000,45010000,41200000,143000000,207300000,135000000,178036400.7,341285112.5,262479012.6,325138316.8,652275603.7,1240972849,1343091150,1089416366,1368298748,1265256715,
United Arab Emirates,ARE,"Foreign direct investment, net inflows (BoP, current US$)",BX.KLT.DINV.CD.WD,,,,,,,,,,7780000,6940000,10510000,3410000,1630000,15950000,49430000,112240000,39120000,64580000,97640000,-16940000,95060000,45540000,170240000,-220960000,110210000,46720000,188890000,38790000,-115820000,25940000,129720000,401320000,62460000,399850000,300520000,232430000,257660000,-985340000,-506330000,1183840000,95300000,4255956433,10003500000,10899931926,12805990470,14186521443,13723600000,4002700000,5500000000,7679000000,9602000000,
Argentina,ARG,"Foreign direct investment, net inflows (BoP, current US$)",BX.KLT.DINV.CD.WD,,,,,,,,,,89770000,125670000,71720000,100250000,17920000,55590000,244680000,144000000,250000000,206000000,678000000,837000000,227000000,185000000,268000000,919000000,574000000,-19000000,1147000000,1028000000,1836000000,2439000000,4430977523,2793085410,3634931878,5609423404,6948536687,9160272052,7290657132,23987696390,10418314339,2166136830,2148910000,1652010000,4124710000,5265250000,5537340000,6473150000,9725560000,4017158925,7845718626,10719930945,12128102278,
Armenia,ARM,"Foreign direct investment, net inflows (BoP, current US$)",BX.KLT.DINV.CD.WD,,,,,,,,,,,,,,,,,,,,,,,,,,,,,,,,2400000,800000,8000000,25320000,17570000,51940000,220830000,122040000,104190000,69868500,110738700,120872200,247855451.6,239384713,453172318.4,698820000,935434359.8,777498557.9,570060000,663453322.2,489406794.4,
American Samoa,ASM,"Foreign direct investment, net inflows (BoP, current US$)",BX.KLT.DINV.CD.WD,,,,,,,,,,,,,,,,,,,,,,,,,,,,,,,,,,,,,,,,,,,,,,,,,,,,,
Antigua and Barbuda,ATG,"Foreign direct investment, net inflows (BoP, current US$)",BX.KLT.DINV.CD.WD,,,,,,,,,,,,,,,,,2200000,-6900000,8500000,19600000,22400000,23000000,5000000,4400000,15600000,22600000,38596296.3,32951851.85,43107407.41,60607407.41,54792592.59,19648148.15,15240740.74,24788888.89,31485185.19,19351851.85,22944444.44,22774074.07,51792533.33,43115925.93,98452222.22,65865064.81,166321143.7,80366585.19,220963374.1,358820163.7,338204733.3,158783774.4,80646652.59,96679207.78,65160596.3,70860057.41,
Australia,AUS,"Foreign direct investment, net inflows (BoP, current US$)",BX.KLT.DINV.CD.WD,,,,,,,,,,898240143.8,1148861272,1053514497,147281665.1,1332156861,455089249.2,1042693511,1139121335,1677595757,1488339329,1869828588,2346769422,2363109706,2985134041,374592490.9,2062591081,5336006348,5263503873,7376945451,7259411410,8110892264,4312358476,5699133705,4318356056,5000720814,12026426012,6181381325,7631273090,5956935413,3311038586,13618008434,8260884019,16991776868,8023802770,36826801136,-24476656434,31246118092,45305020875,45264063368,29002397768,37098104596,66271163219,56595431544,
Austria,AUT,"Foreign direct investment, net inflows (BoP, current US$)",BX.KLT.DINV.CD.WD,,,,,,,,,,112653846,142730445.5,145403026.8,160757773.3,177044820.1,79114404.48,91232469.73,96814163.86,142389695.8,187429359.7,239303891.7,327520086.8,207917636.3,216121460.7,115236829.4,173105865.8,186540951.3,409526123.8,435699357,587351065.6,653220243.9,360071602.9,1442437729,1129076308,2116581765,1900496648,4414662673,2623778926,4643266783,3008319639,8525406379,5905880645,318132393.3,7098252090,3892054627,81287916302,4830703493,68110676603,5121819354,14642970582,-25304172426,23675873461,4143622141,
Azerbaijan,AZE,"Foreign direct investment, net inflows (BoP, current US$)",BX.KLT.DINV.CD.WD,,,,,,,,,,,,,,,,,,,,,,,,,,,,,,,,,,,330050000,627277000,1114838000,1022967000,510317000,129937000,226513000,1392435000,3284998000,3556099000,4476396000,4485966000,4594234000,3986807000,2900030000,3352997000,4485120000,5293250000,
Burundi,BDI,"Foreign direct investment, net inflows (BoP, current US$)",BX.KLT.DINV.CD.WD,,,,,,,,,,,,,,,,,,,,,,,,,538566.543,1524028.632,1367714.123,1196623.811,567226.8908,1255434.743,892500.1067,600088.333,473679.8748,3957.848909,1981922.465,100,100,2000000,238660.3083,11683518.19,9634.452803,10.744,4618.425671,44509.03806,584701.6926,31593.77819,500245.0931,3833208.348,348404.5346,780582.0036,3354999.181,604919.6515,
Belgium,BEL,"Foreign direct investment, net inflows (BoP, current US$)",BX.KLT.DINV.CD.WD,,,,,,,,,,,,,,,,,,,,,,,,,,,,,,,,,,,,,,,,,,18080576796,34543942055,44415185590,33683830158,58827696333,96587921127,1.85E+11,65834501656,78185288728,1.17E+11,-1917113507,
Benin,BEN,"Foreign direct investment, net inflows (BoP, current US$)",BX.KLT.DINV.CD.WD,,,,,,,,,,6700000,2800000,4800000,3500000,-2343120.329,1889760.249,2452390.826,3126021.572,753359.5619,3568043.123,4316555.846,2090299.061,-12172.62291,10496.86832,11442.7823,-90000,1100000,100000,-1.86E-09,62096190.07,62376777.14,120780806.6,77571726.6,1403787.184,13648839.9,13329502.12,35517375.98,27015294.53,37952254.68,39264307.43,59736541.13,43858541.8,13508119.58,44731565.66,63844349.5,-8785364.695,-12352499.85,139006086.8,48016408.32,-18732013.56,53454932.99,161091309,158589230.6,
Burkina Faso,BFA,"Foreign direct investment, net inflows (BoP, current US$)",BX.KLT.DINV.CD.WD,,,,,,,,,,400000,1000000,-700000,4400000,2667168.885,298628.7802,2050633.967,4969885.859,1156628.504,1494911.348,23665.3281,2432548.731,1947619.666,1981283.895,1672934.772,-1426781.313,3138843.401,1330952.869,3709943.287,5673833.574,460000,570000,3113052.151,3178381.356,18371592.47,9816727.704,16225134.49,9765809.046,4407138.208,7925950.83,23219874.87,9164593.586,16063399.56,30831022.58,3829373.785,52109308.16,83774772.55,21683121.76,33056780.41,56426881.77,38832813.08,42302263.78,40091169.25,
Bangladesh,BGD,"Foreign direct investment, net inflows (BoP, current US$)",BX.KLT.DINV.CD.WD,,,,,,,,,,,,90000,2340000,2200000,1543333.333,5420000,6980000,7700000,-8010000,8510000,5360000,6960000,403978.5575,-553269.3983,-6660000,2436499.344,3205086.762,1838242.499,247908.2739,3238781.189,1390444.322,3721853.382,14049886.52,11147788.33,1896372.127,13529831.54,139376153.1,190059373,179662970.3,280384629.7,78527040.08,52339473.35,268285231.8,448905400.7,813321971.9,697206284.1,652818718.9,1009623164,732809635.6,918172637.9,1137916361,1178439622,
Bulgaria,BGR,"Foreign direct investment, net inflows (BoP, current US$)",BX.KLT.DINV.CD.WD,,,,,,,,,,,,,,,,,,,,,,,,,,,,,,4000000,55900000,41500000,40000000,105400000,90400000,109000000,504800000,537317256.2,818788154.9,1001503842,812942202,904659791.1,2096788700,2662208756,4098122931,7874476255,13875270457,10296720634,3896664559,1866586151,2124233096,2094803207,
Bahrain,BHR,"Foreign direct investment, net inflows (BoP, current US$)",BX.KLT.DINV.CD.WD,,,,,,,,,,,,,3400000,110000,1320000,3210000,650000,22970508.34,145171539.9,-418036875,4150000,28457446.88,64095744.85,140691489.5,101329787.2,-31914893.62,-35904255.32,222074468.1,180851063.8,-182712766,619414893.6,868617021.3,-275000007.9,208244700.2,430586743.7,2048151880,329284164.2,179454413.3,453737838,363562321.9,80358858.37,216986881.6,516700276.4,865308118.6,1048601306,2914659868,1756312515,1793998355,257149561.4,155771009.2,780851063.8,891223404.3,
"Bahamas, The",BHS,"Foreign direct investment, net inflows (BoP, current US$)",BX.KLT.DINV.CD.WD,,,,,,,,,,,,,,,,14600000.01,31400000.03,-1100000.001,9600000.01,4100000.004,34400000.03,2800000.003,-6000000.006,-4900000.007,-30200000,-13200000,10800000,36700000,25400000,-17300000,-1300000,300000,27100000,23400000,106800000,87800000,210000000,146900000,149300000,250250000,102370000,152790000,190200000,273600000,563414700,706380000,713350000,860156197,663960000,871970000,594982000,360217300,
Bosnia and Herzegovina,BIH,"Foreign direct investment, net inflows (BoP, current US$)",BX.KLT.DINV.CD.WD,,,,,,,,,,,,,,,,,,,,,,,,,,,,,,,,,,,,,,66736468.36,176780594.8,146075610.9,118495219.8,267769569,381784637.4,709849622.1,623812851.6,845962876.4,1804047024,1004852660,138511019.7,443840207.1,468733718.6,349607722.8,
Belarus,BLR,"Foreign direct investment, net inflows (BoP, current US$)",BX.KLT.DINV.CD.WD,,,,,,,,,,,,,,,,,,,,,,,,,,,,,,,,7000000,17600000,10500000,14700000,104500000,351600000,203200000,444000000,118800000,95800000,247100000,171800000,163800000,306600000,357100000,1807300000,2187900000,1876500000,1393400000,4002400000,1463600000,
Belize,BLZ,"Foreign direct investment, net inflows (BoP, current US$)",BX.KLT.DINV.CD.WD,,,,,,,,,,7090000,3340000,,,,,,,2000000,-50000,,-2000000,,,-3700000,3700000,4600000,6850000,14000000,18650000,17200000,13600000,15600000,9200000,15369500,21050000,16580000,11955000,17650000,53579000,23340762.43,61162972.87,25386719.66,-10924755.75,111496166.4,126908465.9,108828544.6,140373737.3,169668449.5,108840086.4,96449877.08,95348525.19,194201408.8,
Bermuda,BMU,"Foreign direct investment, net inflows (BoP, current US$)",BX.KLT.DINV.CD.WD,,,,,,,,,,,,,,,,,,,,,,,,,,,,,,,,,,,,,34700000,102700000,60500000,66900000,41800000,5400000,12900000,831600000,43700000,-88170000,617153591.8,171529641.6,-70747817.17,222710475.9,111156880.6,132761095.1,
Bolivia,BOL,"Foreign direct investment, net inflows (BoP, current US$)",BX.KLT.DINV.CD.WD,,,,,,,,,,19764000,1900000,16205000,4600000,44233000,61597000,-8100000,-1200000,11500000,67000000,91000000,148900000,61200000,13000000,13000000,19000000,20000000,67800000,-10100000,-24400000,27200000,52000000,93100000,123800000,130200000,392700000,474100000,730600000,949300000,1010500000,736350000,705756000,676543000,197400000,65430000,-238620000,280763457,366294241.5,512335605.2,423040000,621997989.5,858941070.4,1059965391,
Brazil,BRA,"Foreign direct investment, net inflows (BoP, current US$)",BX.KLT.DINV.CD.WD,,,,,,,,,,,,,,,1302000000,1555000000,1833000000,2006000000,2419000000,1911000000,2520000000,2910000000,1609000000,1594000000,1441000000,345000000,1169000000,2804000000,1131000000,989000000,1103000000,2061000000,1292000000,3072000000,4859000000,11200000000,19650000000,31913000000,28576000000,32779239700,22457353372,16590204193,10143524671,18165693855,15459981604,19378093068,44579492464,50716402711,31480932200,53344632547,71538657409,76110663189,
Barbados,BRB,"Foreign direct investment, net inflows (BoP, current US$)",BX.KLT.DINV.CD.WD,,,,,,,,,,8649999.996,16102275.56,17280140.18,5614477.691,2386482.677,22933659.93,6900000,4900000,9000000,5350000,2800000,8400000,4650000,3650000,50000,4850000,7750000,7100000,11550000,8350000,11200000,7400000,14450000,9400000,12950000,11750000,13300000,14800000,15750000,17350000,19400000,18550000,17400000,58250000,-12100000,238261395.9,342244377.2,451704577,462037883.8,458155604.1,668827625.3,532300000,356372288.2,
Brunei Darussalam,BRN,"Foreign direct investment, net inflows (BoP, current US$)",BX.KLT.DINV.CD.WD,,,,,,,,,,,,,,,,,,,,,,,,,,,,,,,,,,,,,,,,,60694643.66,229671955.7,123820911.1,113205867,175068516.6,87839128.31,257635717.5,222184549.5,325586827.8,625667609.9,1208299217,850000000,
Bhutan,BTN,"Foreign direct investment, net inflows (BoP, current US$)",BX.KLT.DINV.CD.WD,,,,,,,,,,,,,,,,,,,,,,,,,,,,,,1600000,600000,10,10,10,50000,1400000,-700000,,1050274.762,,,2425411.898,3370306.526,8859907.539,6210884.354,6122702.143,73809257.56,3097097.254,6544516.789,18990259.63,26063914.2,9622110.237,
Botswana,BWA,"Foreign direct investment, net inflows (BoP, current US$)",BX.KLT.DINV.CD.WD,,,,,,,,,,,,,,,-38268702.25,11270002.83,12233365.11,40813517.29,127851715.1,111550709.4,88438639.82,21074900.89,23793769.12,62154696.15,53611787.59,70404390.66,113583514.2,39921524.13,42186013.02,95889963.04,-8211493.783,-1564184.906,-286949434.1,-14154569.01,70413220.76,71182310.71,100109748.7,95318134.92,36675065.78,57176113.28,-69760471.38,731805998.3,770536365.6,748096578.5,278591244.1,486389937.9,494586995.6,520918029.5,128840735.9,-6121431.346,413586011.8,292521951.1,
Central African Republic,CAF,"Foreign direct investment, net inflows (BoP, current US$)",BX.KLT.DINV.CD.WD,,,,,,,,,,,,,,,,,-2845168.071,6084486.344,22757439.74,5343631.085,5781443.352,9153812.428,4469041.686,5149252.034,2991566.436,8160415.318,11898718.65,-3827452.803,1285233.02,697850.0651,-4874038.732,-10676567.96,-9980132.279,3602275.009,6200565.764,10925575.5,1497424.054,7300593.947,5976946.527,889074.9126,5183898.81,5644286.559,11300000,15100000,10100000,34670000,56750000,117110000,42280000,61520000,36910000,71176400,
Canada,CAN,"Foreign direct investment, net inflows (BoP, current US$)",BX.KLT.DINV.CD.WD,,,,,,,,,,1826057132,2273360472,2112292024,3184591221,3723476023,3386185380,2450734869,3371801149,3740150569,5307735854,5813313577,663718071,90047128.36,1999495942,4753734374,1356650952,2848502472,8114665361,6071142242,6026740458,7580601938,2874387248,4776794694,4748859063,8223759965,9319143130,9635109106,11522842174,22742494379,24788755778,66144235753,27710977448,22053021959,7206009808,-741286941.1,25900779626,60293795010,1.20E+11,62162449740,23804168586,28596270782,40131613267,43085229811,
Switzerland,CHE,"Foreign direct investment, net inflows (BoP, current US$)",BX.KLT.DINV.CD.WD,,,,,,,,,,,,,,,,,,,,,,,642643620.5,777125995.9,1267334792,2122388475,2320291937,405248411.1,2497180494,5544796310,2838789161,1128487634,1706937974,3682699145,4158247960,4372941966,7306214203,9649104419,12426006172,19764423499,9392397947,6785448620,17470863634,1856071978,2664910821,53760772986,48688296543,2990936685,47658570355,21260839588,20620791851,2747598577,
Channel Islands,CHI,"Foreign direct investment, net inflows (BoP, current US$)",BX.KLT.DINV.CD.WD,,,,,,,,,,,,,,,,,,,,,,,,,,,,,,,,,,,,,,,,,,,,,,,,,,,,,
Chile,CHL,"Foreign direct investment, net inflows (BoP, current US$)",BX.KLT.DINV.CD.WD,,,,,,,,,,,,,,,50000000,-1000000,21000000,181000000,244000000,213000000,383000000,401000000,135000000,78000000,144300000,315500000,890500000,967900000,1283500000,661200000,822700000,936100000,1034300000,2582100000,2957000000,4814616000,5271400000,4627817978,8761016218,4860015668,4199763049,2549923142,4307418607,7172719415,6983801371,7298382454,12533639353,15149843109,12887480299,15373153486,22930594193,30323047078,
China,CHN,"Foreign direct investment, net inflows (BoP, current US$)",BX.KLT.DINV.CD.WD,,,,,,,,,,,,,,,,,,,,,,430000000,636000000,1258000000,1659000000,1875000000,2314000000,3194000000,3393000000,3487000000,4366000000,11156000000,27515000000,33787000000,35849200000,40180000000,44237000000,43751000000,38753000000,38399300000,44241000000,49307976629,49456847102,62108043001,1.04E+11,1.24E+11,1.56E+11,1.72E+11,1.31E+11,2.44E+11,2.80E+11,2.53E+11,
Cote d'Ivoire,CIV,"Foreign direct investment, net inflows (BoP, current US$)",BX.KLT.DINV.CD.WD,,,,,,,,,,,,,,,69057905.41,44779149.89,14653226.12,83312704.49,74745567.41,94661312.41,32752925.42,47473229.35,37526304.23,21741286.37,29158869.28,70746700.38,87510151.14,51704186.99,18494816.62,48114925.54,16305875.03,-230834502,87900032.71,77989253.94,211482185.5,269180619.3,415303614.5,380014112.4,323675947.6,234701641.1,272680081.7,212629136.7,165347467.5,282979933.1,348920761.5,350652855.7,443215533.1,466489597,396030774,358118909,286110463.6,478400215.8,
Cameroon,CMR,"Foreign direct investment, net inflows (BoP, current US$)",BX.KLT.DINV.CD.WD,,,,,,,,,,,,,,,,,8710528.859,40548470.54,62099933.68,129827990,135391025.4,111440362.7,213821207.6,17667655.87,316229050.2,-90700157.51,115925994.9,92362479.48,-85734446.55,-112831336.8,-14498049.75,29203775.78,5120733.123,-9005687.522,7292420.072,101315910,78335616.3,215105209.4,-15494743.3,158801499.5,73285099.6,601746052.3,336267884.5,86122105.35,243504753.3,59069772.85,189330876.4,20910875.62,740307388.9,537779845.2,652411755.8,525754619.3,
"Congo, Rep.",COG,"Foreign direct investment, net inflows (BoP, current US$)",BX.KLT.DINV.CD.WD,,,,,,,,,,,,,,,,,,4050415.527,16481632.66,40032269.02,30842951.46,35349296.93,56079518.98,34948545.69,12689672.8,22439698.31,43448956.41,9095236.529,-7125213.161,22551558.22,32753529.69,2739032.536,286054322.1,2990000,125018925.8,72579070.69,79171534.76,32777255.42,538212550.2,165904404.7,77206039.59,331150511.3,323124395.4,-8518132.494,800996241.6,1487693084,2638405260,2525652907,1861554557,2210884010,3055952325,2757934448,
Colombia,COL,"Foreign direct investment, net inflows (BoP, current US$)",BX.KLT.DINV.CD.WD,,,,,,,,,,43000000,43128140,18457070,23842600,40889760,37068850,25000000,65000000,107000000,127000000,157137700,265000000,366000000,618000000,584000000,1023000000,674000000,319000000,203000000,576000000,500000000,456900000,728700000,959100000,1446497261,968368273.6,3111676590,5562216362,2828826262,1507907130,2436459923,2541942612,2133698124,1720493455,3015635874,10251967315,6655995311,9486747731,10158358827,7137442110,6753415807,13403488513,15649280564,
Comoros,COM,"Foreign direct investment, net inflows (BoP, current US$)",BX.KLT.DINV.CD.WD,,,,,,,,,,,,,,,,,,,,,,150000,,,,,7546566.717,3767051.259,3266400.378,393003.1038,2506163.334,-1446978.125,190704.7806,177714.24,889525.0177,510000,20000,384216.3907,271000,93636.1151,1145914.995,430423.4793,793760.0367,671354.3691,558643.6839,826176.5366,7681735.986,4631825.734,13784107.98,8342262.113,23088160.5,16965442.31,
Cape Verde,CPV,"Foreign direct investment, net inflows (BoP, current US$)",BX.KLT.DINV.CD.WD,,,,,,,,,,,,,,,,,,,,,,,,,,-8734.1784,2786140.595,597911.68,174023.2565,252601.2166,1744334.228,450471.753,3644068.127,2128443.354,26180647.12,28528007.74,11576610.74,9039816.275,53318559.52,33424781.97,9112802.245,14806643.96,39255246.24,67591566.44,80448834.06,131567607.9,191868198,211004655.1,127100653.2,116213000.7,102224984.1,74062455.87,
Costa Rica,CRI,"Foreign direct investment, net inflows (BoP, current US$)",BX.KLT.DINV.CD.WD,,,,,,,,,,,,,,,,,62500000,48600000,43500000,52600000,69600000,28900000,60700000,55900000,69900000,61000000,80300000,122200000,101300000,162500000,178400000,226000000,246700000,297600000,336900000,426950000,408170000,613080000,619469212,408564447,460378018,659355552,575064883,793834548,861042026,1469089235,1896095297,2078238732,1346502407,1465630464,2155584094,2636186737,
Cuba,CUB,"Foreign direct investment, net inflows (BoP, current US$)",BX.KLT.DINV.CD.WD,,,,,,,,,,,,,,,,,,,,,,,,,,,,,,,,,,,,,,,,,,,,,,,,,,,,,
Curacao,CUW,"Foreign direct investment, net inflows (BoP, current US$)",BX.KLT.DINV.CD.WD,,,,,,,,,,,,,,,,,,,,,,,,,,,,,,,,,,,,,,,,,,,,,,,,,,,70424581.01,56932960.89,
Cayman Islands,CYM,"Foreign direct investment, net inflows (BoP, current US$)",BX.KLT.DINV.CD.WD,,,,,,,,,,,,,,1830000,2540000,41010000,25720000,75110000,56550000,19560000,97120000,19930000,17520000,668240000,453980000,14280000,104740000,22430000,79460000,49040000,-8540000,27490000,459760000,467070000,50310000,1231710000,3150870000,4354110000,6475830000,7626860000,3922820000,-195890000,-2688560000,9669090000,10221237309,14962802000,23218439654,19634184462,20425774950,15874775124,19835794732,4234451030,
Cyprus,CYP,"Foreign direct investment, net inflows (BoP, current US$)",BX.KLT.DINV.CD.WD,,,,,,,,,,20200000,29600000,36400000,37200000,32400000,18100000,32399852.81,41409229.36,57026191.23,70533030.88,84973393.79,78304678.27,71520842.97,68357791.44,52686514.25,57954233.56,46319251.91,51964617.64,62147895.56,69749822.21,126615461.4,81820990.74,107441112.7,83432989.4,75174068.6,243136818.6,233749453.8,546519214.6,345398143.2,813054280.1,854874285.7,944742874,1103449726,908147518,1118841809,1161973511,1872392935,2295454940,1015181777,2180419791,70665707.64,2078721742,1246948836,
Czech Republic,CZE,"Foreign direct investment, net inflows (BoP, current US$)",BX.KLT.DINV.CD.WD,,,,,,,,,,,,,,,,,,,,,,,,,,,,,,,,,654278424.7,878231739.7,2567564642,1435279128,1286492873,3700169388,6312596676,4987079129,5640707236,8496609036,2021275746,4977795183,11601977306,5521761931,10606063122,6572516198,2868837937,6119064334,2248932510,10580770659,
Germany,DEU,"Foreign direct investment, net inflows (BoP, current US$)",BX.KLT.DINV.CD.WD,,,,,,,,,,,1103338755,1897270696,2102302343,2176992344,690496822.9,1321369938,949983808.6,1603458933,1732552304,342426421.3,320000208.4,760702889.3,1724036789,529910797.9,821452292,2241274122,2118621892,1064750344,7013826393,3003918963,4748284117,-2117171191,401340977.3,7290396144,11985480325,6429188834,12796405657,23635840374,55906671344,2.10E+11,26171197398,53605269463,30933978207,-9802914900,41851299924,55544904907,28859727354,16531192201,36401450615,27991334385,42787029626,27221322304,
Djibouti,DJI,"Foreign direct investment, net inflows (BoP, current US$)",BX.KLT.DINV.CD.WD,,,,,,,,,,,,,,,,,,,,,,,,,,,,,,,2290106.403,2290106.403,1423579.656,1423579.656,3218527.917,3263542.294,3100365.179,3173513.541,3212901.12,3286049.482,3392958.626,3432346.206,14224542.96,38543559.85,22203341.19,108287709.4,195351140.3,227654582.2,96859684.56,36501032.52,79000230.7,109998255.7,
Dominica,DMA,"Foreign direct investment, net inflows (BoP, current US$)",BX.KLT.DINV.CD.WD,,,,,,,,,,,,,,,,,80000,,,,4800000,200000,200000,2300000,3000000,5185185.185,13518518.52,11925925.93,17196296.3,12888888.89,15222222.22,20411111.11,13200000,22600000,54092592.59,17800000,21114814.81,6511111.111,17955555.56,17596296.3,17115925.93,20110637.04,31472140.74,26173948.15,19235559.26,25907525.93,40486774.81,56548262.96,42420685.56,24341705.03,14192972.59,19647797.78,
Denmark,DNK,"Foreign direct investment, net inflows (BoP, current US$)",BX.KLT.DINV.CD.WD,,,,,,,,,,104000000,125000000,164000000,212000000,240000000,266942015.5,-190295662.8,75799728.5,89464875.42,223893245.4,104119701,99454249.9,133850097.3,60130799.99,-15356842.12,111103417.6,163266341.1,84660817.12,503338112.9,1089565260,1132146350,1552515351,1017385349,1712766178,5006178362,4139423320,773444115.8,2791671359,6674661469,16847919226,36013297907,9286404806,4430703179,1184825160,-8804165491,12834261392,2419919718,11809448518,2191207507,3918212678,-11759662067,13105574238,1269064597,
Dominican Republic,DOM,"Foreign direct investment, net inflows (BoP, current US$)",BX.KLT.DINV.CD.WD,,,,,,,,,,71600000,65000000,43500000,34500000,53600000,63900000,60000000,71500000,63600000,17100000,92700000,79700000,-1400000,48200000,68500000,36200000,50000000,89000000,106100000,110000000,132800000,145000000,179700000,189300000,206800000,414300000,96500000,420600000,699800000,1337800000,952900000,1079100000,916800000,612990000,909040000,1118400000,1528700000,2252900000,2728400000,1695300000,2094300000,2195800000,3857100000,
Algeria,DZA,"Foreign direct investment, net inflows (BoP, current US$)",BX.KLT.DINV.CD.WD,,,,,,,,,,80120000,600000,41490000,51000000,358000000,119000000,187000000,178452646.8,135152172.3,25692486.04,348669038.1,13207259.36,-53569192.64,417641.1628,802668.8741,397788.2971,5316528.378,3711537.9,13018265.02,12091646.8,334914.5642,11638686.45,30000000,,,,270000000,260000000,606600000,291600000,280100000,1107900000,1065000000,633700000,881900000,1156000000,1841000000,1834000000,2675000000,3053000000,2331000000,2720524258,1601573993,
Ecuador,ECU,"Foreign direct investment, net inflows (BoP, current US$)",BX.KLT.DINV.CD.WD,,,,,,,,,,,,,,,,-19900000,34500000,48600000,63400000,70000000,60000000,40000000,50000000,50000000,62000000,81000000,123000000,155000000,160000000,126000000,160000000,178000000,473720000,576330000,452480000,499680000,723950000,869980000,648410000,-23439367.91,538568575.2,783261009.6,871513414,836939593.9,493413835.5,271428852.5,194158526.9,1006330020,321451890.1,166664320.4,640527358.7,591323300.9,
"Egypt, Arab Rep.",EGY,"Foreign direct investment, net inflows (BoP, current US$)",BX.KLT.DINV.CD.WD,,,,,,,,,,,,,,,,,104777603.4,318166137.2,1216285716,548285715.1,752571429.6,293571429,490000000.7,729142857.6,1177571429,1217428571,947714285.7,1190000000,1250181818,734000000,253000000,459000000,493000000,1256000000,598000000,636000000,890550000,1076000000,1065300000,1235000000,509900000,646900000,237400000,1253300000,5375600000,10042800000,11578100000,9494600000,6711600000,6385600000,-482700000,2797700000,
Eritrea,ERI,"Foreign direct investment, net inflows (BoP, current US$)",BX.KLT.DINV.CD.WD,,,,,,,,,,,,,,,,,,,,,,,,,,,,,,,,,,,,36701848.96,41097917.23,148518255.4,83222078.14,27875536.94,12131626.5,22766165.86,24999786.56,24103664.84,1431553.832,15375609.76,7206504.065,39000000,91000000,91000000,39000000,73666666.67,
Spain,ESP,"Foreign direct investment, net inflows (BoP, current US$)",BX.KLT.DINV.CD.WD,,,,,,,,,,222000000,202000000,268000000,390000000,358000000,682635310.6,477622019.9,607674770,1178156262,1396810449,1492697190,1706766879,1782685066,1622388936,1771829760,1967804468,3450598177,4570700793,7020568174,8428379549,13983611812,12492782829,13275723087,9681480382,9215766127,8085535585,9623214732,8937220784,14282263312,18523395458,38835164708,28163625949,39993217336,25606884148,24791557810,30531058335,41428626096,83392538534,77884454330,19427271414,45382074663,32206041140,36161252563,
Estonia,EST,"Foreign direct investment, net inflows (BoP, current US$)",BX.KLT.DINV.CD.WD,,,,,,,,,,,,,,,,,,,,,,,,,,,,,,,,82271988.64,162224912.5,214426829.5,201489377.9,150222440.2,266223909.4,580524122.7,305183394.2,387310291.6,542494433,284522767,918990576.6,965817445.2,3127298002,2212181185,3429043145,1873250285,1866721130,2051885321,521041551.4,1648454626,
Ethiopia,ETH,"Foreign direct investment, net inflows (BoP, current US$)",BX.KLT.DINV.CD.WD,,,,,,,,,,,,,,,,,5845410.631,,,,,,,,,,,,,,,170000,3500000,17210000,14140000,21930000,288490000,260670000,69980000,134640000,349400000,255000000,465000000,545100000,265111675.5,545257102.2,222000573,108537544,221459581.4,288271568.3,626509560.4,278562822.2,
Finland,FIN,"Foreign direct investment, net inflows (BoP, current US$)",BX.KLT.DINV.CD.WD,,,,,,,,,,18000000,25000000,37000000,13000000,35000000,68270104.62,57984170.91,48060229.2,33797154.83,27528009.75,27949721.28,99646702.73,910574.1328,84470656.84,136184676.1,112511585.5,347666909.4,264727838.1,531741374.9,490175830.8,812172838.2,-232904201.9,396369713.7,863526070.9,1495765796,1044126141,1118243130,2128500261,12028620490,4649170221,9125450413,3739441307,8275937527,3472352073,2870776242,10875828408,4631613348,21985038297,19403251043,-8826571048,12226450062,-6008146394,4332194198,
Fiji,FJI,"Foreign direct investment, net inflows (BoP, current US$)",BX.KLT.DINV.CD.WD,,,,,,,,,,,,,,,,,,,10170587.69,36334087.82,36249750.06,36827764.64,31946263.97,23314315.29,21672150.93,8032725.264,16159396.5,31602682.5,8764044.944,91903054.99,5150595.622,103593446.2,91193591.8,67548877.32,69542545.63,2422860.4,15585225.21,107005343.6,-33204290.16,591375.1146,41301661.85,30674592.44,40313853.13,250618684.7,159640030.9,370246506.3,377066313.5,350160096.3,140152995.6,356726878,416719478.1,267146323,
France,FRA,"Foreign direct investment, net inflows (BoP, current US$)",BX.KLT.DINV.CD.WD,,,,,,,,,,621212781.7,525655900.1,656666980.5,1125479247,1846644388,1563849883,977422843.6,1896159372,2471468400,2588309413,3282773278,2469631625,1585298782,1725670869,2397989219,2595492780,3255870956,5139716802,8489906284,10303924629,13183285335,15152742090,21839501253,20754044036,15797125295,23736300874,21971888803,23047924755,29518429032,45986859387,42379454824,50342933496,49568692711,43061946522,32828926514,88784437774,88653513862,93071273731,64105775508,26875154006,39035922876,40832023979,28121826114,
Faeroe Islands,FRO,"Foreign direct investment, net inflows (BoP, current US$)",BX.KLT.DINV.CD.WD,,,,,,,,,,,,,,,,,,,,,,,,,,,,,,,,,,,,,,,,,,,,,,,,,,,,,
"Micronesia, Fed. Sts.",FSM,"Foreign direct investment, net inflows (BoP, current US$)",BX.KLT.DINV.CD.WD,,,,,,,,,,,,,,,,,,,,,,,,,,,,,,,,,,,,-70790000,0,-220000,-890000,,-230000,,,,40000,590000,16690000,-5300000,600000,10049259.26,800000,800000,
Gabon,GAB,"Foreign direct investment, net inflows (BoP, current US$)",BX.KLT.DINV.CD.WD,,,,,,,,,,,,,,,,,,56546282.41,55048465.05,31522217.03,54575942.02,131738211.4,111844131.9,8124375.431,15091384.25,110249347.8,89806044.84,132550733.9,-30532121,73457901.59,-54589233.79,126940086.2,-113715590.7,-99602904,-314523680.4,-489085742.1,-311296101.2,146627239.3,-156621952.2,-42626420.42,-89090817.7,38966226.2,157986838.3,319505685.2,326161877.9,267805315.6,269324270.3,773000000,573000000,499000000,696000000,702406408.3,
United Kingdom,GBR,"Foreign direct investment, net inflows (BoP, current US$)",BX.KLT.DINV.CD.WD,,,,,,,,,,1487998812,1771224349,1207963191,2722732320,4373743380,3318535790,3006207709,4426545754,3787370849,6469481160,10122844316,5879375698,5413259759,5178781726,-347322544.8,5476472897,8569621722,15921475125,22567507454,31650103696,33503670308,16451468252,16558927717,16518190746,10725097717,21731466933,27390452985,37505198184,74651622351,89337010345,1.22E+11,53842147221,25531788976,27612199941,57333717392,2.54E+11,2.15E+11,2.41E+11,2.62E+11,4059411048,61325946152,36243797828,56135851251,
Georgia,GEO,"Foreign direct investment, net inflows (BoP, current US$)",BX.KLT.DINV.CD.WD,,,,,,,,,,,,,,,,,,,,,,,,,,,,,,,,,,,,,242500000,265300000,82300000,131231878.3,109839835.5,160211960.5,334649090.8,492329440,453107292,1170292393,1877615756,1591300325,652921300.1,869115691.2,1084349576,831254884.5,
Ghana,GHA,"Foreign direct investment, net inflows (BoP, current US$)",BX.KLT.DINV.CD.WD,,,,,,,,,,,,,,,70869955,-18260970,19217479.38,9696236.565,-2800000,15600000,16263752,16300000,2400000,2000000,5600000,4300000,4700000,5000000,15000000,14800000,20000000,22500000,125000000,233000000,106500000,120000000,81800000,167400000,243700000,165900000,89320000,58930000,136751000,139270000,144970000,636010000,1383177930,2714916344,2372540000,2527350000,3222240000,3294520000,
Guinea,GIN,"Foreign direct investment, net inflows (BoP, current US$)",BX.KLT.DINV.CD.WD,,,,,,,,,,,,,,,,,,,,,,,,,,8400000,12850000,15680000,12330000,17860000,38770000,19690000,2720000,210000,769000,23774000,17301000,17810000,63452427,9942000,1677000,30000000,78966000,97900000,105000000,125000000,385900000,381880000,140850000,101350000,956040000,605400000,
"Gambia, The",GMB,"Foreign direct investment, net inflows (BoP, current US$)",BX.KLT.DINV.CD.WD,,,,,,,,,,,,,,,,,,2003062.251,11682437.06,280000,2280797.212,270000,-400000,-1700000,-500000,-1990000,1477026.691,1170485.974,14785696.26,14120000,9197230.379,6329113.924,11065335.21,9722679.115,7727641.744,10664064.19,11666476.04,,,,,,18272720.34,55526254.83,53650280.02,82208102.59,78099786.49,78614989.73,39447343.71,37366207.68,36178721.37,33524673.52,
Guinea-Bissau,GNB,"Foreign direct investment, net inflows (BoP, current US$)",BX.KLT.DINV.CD.WD,,,,,,,,,,,,,,,-130000,,40000,,230000,,,,,2290000,1440000,820000,120000,680000,470000,2020000,2090000,5830000,3300000,430000,40000,1030000,11479108.88,4407138.208,730876.6134,702270.8631,395613.5963,3561035.879,4005503.687,1726341.519,8692468.09,17887123.56,18768252.52,6627881.123,-1346926.017,1469884.465,25024053.44,16226635.91,
Equatorial Guinea,GNQ,"Foreign direct investment, net inflows (BoP, current US$)",BX.KLT.DINV.CD.WD,,,,,,,,,,,,,,,,,,-20000,,,-180000,450000,520000,2170000,2440000,5630000,1680000,500000,890258.9696,11073778.66,41324758.93,6018320.158,22301675.64,16995533.49,126924170.7,376180404.2,53451528.18,274768116.7,154296173.9,154499589.9,940741215.7,323391507.5,689779766,340914468.5,769146185.2,469506014.6,1242731087,-793872332.8,1636219625,2734000000,1975000000,2115073208,
Greece,GRC,"Foreign direct investment, net inflows (BoP, current US$)",BX.KLT.DINV.CD.WD,,,,,,,,,,50000000,42000000,55000000,62000000,67000000,24000000,305000000,387000000,428000000,613000000,672000000,520000000,436000000,439000000,485000000,447000000,471000000,683000000,907000000,752000000,1005000000,1135000000,1144000000,977000000,981000000,1053000000,1058000000,984000000,,567300000,1083400000,1585000000,53061484.4,1331693343,2104990942,689960219.9,5409239581,1957669989,5733408744,2762586782,533530144.3,1091980638,1663327173,
Grenada,GRD,"Foreign direct investment, net inflows (BoP, current US$)",BX.KLT.DINV.CD.WD,,,,,,,,,,,,,,,,,-100000,1400000,,,,1900000,2500000,2800000,4111111.111,4481481.481,14722222.22,14981481.48,10481481.48,12874074.07,15274074.07,22581481.48,20248148.15,19311111.11,19977777.78,16962962.96,33500000,48685185.19,41551851.85,37407407.41,58748148.15,54488888.89,89166666.67,65014333.33,70157129.63,89787148.15,156554796.7,134832583.3,102556363,60420861.11,42648183.7,30231435.56,
Greenland,GRL,"Foreign direct investment, net inflows (BoP, current US$)",BX.KLT.DINV.CD.WD,,,,,,,,,,,,,,,,,,,,,,,,,,,,,,,,,,,,,,,,,,,,,,,,,,,,,
Guatemala,GTM,"Foreign direct investment, net inflows (BoP, current US$)",BX.KLT.DINV.CD.WD,,,,,,,,,,,,,,,,,97500000,127200000,117000000,110700000,127100000,77100000,45000000,38000000,61800000,68800000,150200000,329900000,76200000,47700000,90700000,94100000,142500000,65200000,75200000,76900000,84400000,672800000,154600000,229900000,455528171.1,110616944.8,131009111.2,296000000,540000000,635300000,859200000,751100000,696400000,920800000,1139660000,1150030000,
Guam,GUM,"Foreign direct investment, net inflows (BoP, current US$)",BX.KLT.DINV.CD.WD,,,,,,,,,,,,,,,,,,,,,,,,,,,,,,,,,,,,,,,,,,,,,,,,,,,,,
Guyana,GUY,"Foreign direct investment, net inflows (BoP, current US$)",BX.KLT.DINV.CD.WD,,,,,,,,,,,,,,,,,-1764705.883,4020000,588235.2943,588235.2943,-1777777.778,4433333.335,4733333.335,4489019.519,1810974.269,-9000000,4350000,2100000,-2060000,7900000,12340000,146610000,69540000,106690000,74420000,59000000,52000000,44000000,46000000,67100000,56000000,43600000,26100000,30000000,76800000,102400000,152400000,178000000,164000000,198000000,246800000,276124000,
"Hong Kong SAR, China",HKG,"Foreign direct investment, net inflows (BoP, current US$)",BX.KLT.DINV.CD.WD,,,,,,,,,,,,,,,,,,,,,,,,,,,,,,,,,,,,,,14765019797,24577828058,61923897912,23776210099,9681963629,13624438415,34031595119,40963127271,44901793969,62121011424,67035187588,54275707074,82709142976,96135081265,74583716338,
Honduras,HND,"Foreign direct investment, net inflows (BoP, current US$)",BX.KLT.DINV.CD.WD,,,,,,,,,,,,,,-1150000,7000000,5250000,8900000,13150000,28200000,5800000,-3600000,13800000,21000000,20450000,27500000,30000000,38650000,48300000,51000000,43500000,52100000,47600000,26700000,34800000,50000000,90900000,121500000,99000000,237300000,381659148.5,304242923.3,275167835.1,402779515.8,546864270.8,601059572.2,717591908.2,966926354.3,1200798087,494497450.5,484836872.6,1042571021,1067550208,
Croatia,HRV,"Foreign direct investment, net inflows (BoP, current US$)",BX.KLT.DINV.CD.WD,,,,,,,,,,,,,,,,,,,,,,,,,,,,,,,,13000000,144186480.2,114440874.4,108053139.7,492528182.7,541135803.7,940830562.2,1452386278,1109936498,1582412026,1099965085,2048805989,1078564922,1777125381,3457449310,5016273704,6057136495,3400957649,786842085.7,1288033171,1395251519,
Haiti,HTI,"Foreign direct investment, net inflows (BoP, current US$)",BX.KLT.DINV.CD.WD,,,,,,,,,,,3400000.001,4059985.039,6979999.995,7939993.416,2640000.001,7780000.002,8000000.002,10000000,12000000,13000000,8340000.002,7080000.001,8420000.002,4460000,4920000,4820000,4680000,10100000,9360000,8000000,-1800000,-2200000,-2800000,-2800000,7400000,4100000,4000000,10760000,30000000,13250000,4400000,5700000,13800000,5900000,26000000,160600000,74500000,29800000,37950000,150000000,181000000,178750000,
Hungary,HUN,"Foreign direct investment, net inflows (BoP, current US$)",BX.KLT.DINV.CD.WD,,,,,,,,,,,,,,,,,,,,,,,,,,,,,,553808992,1462141210,1479165394,2349715111,1144083870,4804151332,3288936449,4154801371,3343000955,3307673094,2770479254,3943892055,3012851828,2177247085,4281793079,8505362817,18678720025,70631297039,74992033048,-2966084691,-20933509306,9341606977,9355700643,
Indonesia,IDN,"Foreign direct investment, net inflows (BoP, current US$)",BX.KLT.DINV.CD.WD,,,,,,,,,,,,,,,,,,,,,133000000,225000000,292000000,222000000,310000000,258000000,385000000,576000000,682000000,1093000000,1482000000,1777000000,2004000000,2109000000,4346000000,6194000000,4677000000,-240800000,-1865620963,-4550355286,-2977391857,145085548.7,-596923827.8,1896082770,8336257208,4914201435,6928480000,9318453650,4877369178,13770580771,19241252762,19618049398,
Isle of Man,IMN,"Foreign direct investment, net inflows (BoP, current US$)",BX.KLT.DINV.CD.WD,,,,,,,,,,,,,,,,,,,,,,,,,,,,,,,,,,,,,,,,,,,,,,,,,,,,,
India,IND,"Foreign direct investment, net inflows (BoP, current US$)",BX.KLT.DINV.CD.WD,,,,,,,,,,,,,,,-10326246.71,-7706430.543,-36060000,18090000,48570000,79160000,91920000,72080000,5640000,19240000,106090000,117730000,212320000,91250000,252100000,236690000,73537638.39,276512439,550370024.9,973271468.7,2143628110,2426057022,3577330042,2634651658,2168591054,3584217307,5471947158,5626039508,4322747673,5771297153,7269407226,20029119267,25227740887,43406277076,35581372930,27396885034,36498654598,23995685014,
Ireland,IRL,"Foreign direct investment, net inflows (BoP, current US$)",BX.KLT.DINV.CD.WD,,,,,,,,,,,,,,51197358.98,158171435.3,172683382.1,136235504.5,375260365.2,336679749.9,286450946.2,203451746.2,242010501.3,169650141.8,121362286.6,163662555.5,-40395180.71,89240462.65,91534742.93,85091294.29,627433373.7,1356768990,1441705345,1121164197,838327712.8,1446529264,2617948456,2742865099,11034674875,18322769074,25501012792,9572506272,29477434763,22410807389,-10994234313,47028464779,22080936155,59941052660,23258563614,53935264225,37763638573,23664918435,40961642315,
"Iran, Islamic Rep.",IRN,"Foreign direct investment, net inflows (BoP, current US$)",BX.KLT.DINV.CD.WD,,,,,,,,,,28000000,65200000,91200000,561500000,323500000,494400000,-101590000,345690000,909060000,164350000,80910000,28220000,-136090000,-78520000,42690000,-38150000,-112440000,-307630000,60540000,-19420000,-361950000,22590000,8500000,207550000,2000000,17000000,26000000,53000000,24000000,35000000,39000000,1084475000,3657067000,2697865000,2863388000,3135585000,1646568000,2005100000,1909200000,3047600000,3647500000,4150000000,4869881000,
Iraq,IRQ,"Foreign direct investment, net inflows (BoP, current US$)",BX.KLT.DINV.CD.WD,,,,,,,,,,-910000,-180000,-90000,-6550000,-8830000,-44920000,1350000,4390000,300000,1610000,1530000,4120000,2420000,1470000,-4710000,390000,1950000,13210000,240000,2670000,420000,-3000000,7780000,810000,-30000,2400000,-3899260.352,1120000,7110000,-6900000,-3140000,-6450000,-1590000,-20000,300000000,515300000,383000000,971800000,1855700000,1598300000,1396200000,2082000000,3400000000,
Iceland,ISL,"Foreign direct investment, net inflows (BoP, current US$)",BX.KLT.DINV.CD.WD,,,,,,,,,,,,,,,,4500000,4200000,8100000,3100000,22300000,53000000,35800000,-23400000,13700000,23600000,8500000,2400000,-14800000,-27400000,22144863.13,18463875.81,-13030958.52,211107.9927,-1372728.117,-9311845.697,83362474.78,147815825.6,149750279.5,65401658.69,155328079.5,166241844.6,92576412.8,336121097.3,757018054.3,3123973353,3886145899,6879140817,1207530551,63582867.85,257533492.1,1107002633,1085991962,
Israel,ISR,"Foreign direct investment, net inflows (BoP, current US$)",BX.KLT.DINV.CD.WD,,,,,,,,,,49000000,57000000,114000000,149000000,84000000,45000000,47000000,81000000,39000000,11000000,51000000,114400000,21300000,78500000,89500000,112300000,143400000,224100000,267200000,160400000,151000000,345600000,588500000,604900000,441600000,1350300000,1397100000,1633800000,1737400000,4150000000,8047500000,1771300000,1582500000,3322000000,2946900000,4818400000,15295500000,8798100000,10874100000,4438100000,5509600000,10765100000,9481000000,
Italy,ITA,"Foreign direct investment, net inflows (BoP, current US$)",BX.KLT.DINV.CD.WD,,,,,,,,,,624159999.4,550015983.5,673865753.9,663950782.3,596491074.3,645316389.7,108674086.9,1128215749,476019037.3,415444863.9,576575201.6,1127027127,617175560.4,1189582075,1320641872,1071697219,-171754750.6,4174570241,6801431954,2165726941,6410685449,2400685993,3104520914,3748776013,2199180295,4841781426,3545881094,3699857612,2634605954,6942860357,13176403311,14873909553,14699160477,16537792207,16791130465,19636818499,39007009354,40042891550,-24909662511,40354950569,-5289143799,28002522666,6686399841,
Jamaica,JAM,"Foreign direct investment, net inflows (BoP, current US$)",BX.KLT.DINV.CD.WD,,,,,,,,,,,,,,,,-600000,-9700000,-26600000,-26400000,27700000,-11500000,-15800000,-18700000,12200000,-9000000,-4600000,53400000,-12000000,57100000,137900000,133200000,142400000,77900000,129700000,147400000,183700000,203300000,369100000,523700000,468300000,613900000,481100000,720700000,601602643,637901995.9,842342788.3,811902426.3,1376602630,485164640.1,185775630.6,172757165.4,228778071.8,
Jordan,JOR,"Foreign direct investment, net inflows (BoP, current US$)",BX.KLT.DINV.CD.WD,,,,,,,,,,,,559999.382,2130438.418,6830353.699,25641693.89,-7530498.542,11230237.21,56431307.45,26371066.47,33830643.46,140813771.7,59432045.57,34864661.93,77487832.89,24948927.46,22754208.38,39498588.02,23731746.2,-1349805.313,37646775.31,-11887398.04,40722566.98,-33548530.15,2854731.793,13308089.21,15514809.59,360930888.6,310014104.4,157968970.4,913258110,273628171.3,238222874.7,546967559.9,936812411.8,1984485190,3544005642,2622144779,2826744496,2413098592,1650845070,1473521127,1497323944,
Japan,JPN,"Foreign direct investment, net inflows (BoP, current US$)",BX.KLT.DINV.CD.WD,,,,,,,,,,,,,,,,,20000000,10000000,240000000,280000000,190000000,440000000,410000000,-10000000,637715764.1,226234806.6,1161210977,-481740894.9,-1038079730,1777361196,1285720115,2759977744,118698479.5,911689479.4,39332003.28,207641498.4,3200076742,3268105339,12308393448,8227199674,6190971015,9087241612,6238249550,7806977011,4324336401,-4623231302,22912932619,29360700839,15481464098,1082389234,79081204.73,2525407957,
Kazakhstan,KAZ,"Foreign direct investment, net inflows (BoP, current US$)",BX.KLT.DINV.CD.WD,,,,,,,,,,,,,,,,,,,,,,,,,,,,,,,,100000000,1271400000,659700000,964200000,1137000000,1321400000,1151400000,1587000000,1282524399,2834998600,2590217570,2092028800,4157208487,2546065710,7611168450,11972842989,16818890680,14275888207,7456117901,14286661399,15117332064,
Kenya,KEN,"Foreign direct investment, net inflows (BoP, current US$)",BX.KLT.DINV.CD.WD,,,,,,,,,,13800000,7400000,6300000,17260000,23420000,17158747.47,46371850.86,56545225.67,34414129.64,84009903.28,78973745.62,14147557.18,13000894.96,23738842.68,10753527.42,28845949.04,32725776.79,39381344.2,394430.6394,62189917.27,57081096.18,18830976.84,6363133.145,145655517.1,7432412.602,42289248.46,108672931.6,62096809.78,26548245.97,51953455.95,110904550.4,5302622.939,27618447.06,81738242.64,46063931.45,21211685.4,50674725.18,729044146,95585680.23,116257609,178064606.8,335249880.3,258607630.3,
Kyrgyz Republic,KGZ,"Foreign direct investment, net inflows (BoP, current US$)",BX.KLT.DINV.CD.WD,,,,,,,,,,,,,,,,,,,,,,,,,,,,,,,,,10000000,38178000,96090000,47238000,83820000,109228485,44412800,-2360124.961,5006732.877,4661963.545,45544627.8,175458810.1,42565248.3,182022902.5,207919477.6,376992152.1,189377400,437586100,693528000,372186100,
Cambodia,KHM,"Foreign direct investment, net inflows (BoP, current US$)",BX.KLT.DINV.CD.WD,,,,,,,,,,,,,,,,,,,,,,,,,,,,,,,,33000000,54124000,68900000,150800000,293600000,203700000,242822982.4,232238729.5,148503547.8,149397477,145106363.9,83980650.56,131416229.3,379180190.6,483209382.7,867288538.6,815180218,539113439.6,782596734.9,901668591.4,1557134885,
Kiribati,KIR,"Foreign direct investment, net inflows (BoP, current US$)",BX.KLT.DINV.CD.WD,,,,,,,,,,,,,,,,,,,,,,,-900888.7274,,219289.8223,106285.2578,219160.0499,257049.6585,180294.6394,299752.548,427651.4161,406859.8231,-769774.7797,431365.1183,387685.967,538400.1377,512104.9741,439745.4502,451627.4719,721810.2654,-273476.291,249788.108,670758.9937,1953667.954,2606016.175,568434.3396,1153047.102,2664286.014,3173619.159,-6602467.757,-1792836.086,-1679659.94,
St. Kitts and Nevis,KNA,"Foreign direct investment, net inflows (BoP, current US$)",BX.KLT.DINV.CD.WD,,,,,,,,,,,,,,,,,,,,1000000,900000,2200000,13500000,6000000,8000000,9203703.704,16648148.15,13133333.33,40800000,48785185.19,21448148.15,12529629.63,13759259.26,15348148.15,20470370.37,35174074.07,19670370.37,31925925.93,57737037.04,96214814.81,88230740.74,79771688.89,75612162.96,55771474.07,92994488.89,110415630.4,134484438.1,177906026.7,130750839.3,116268480,109632707,100443035.6,
"Korea, Rep.",KOR,"Foreign direct investment, net inflows (BoP, current US$)",BX.KLT.DINV.CD.WD,,,,,,,,,,,,,,,,81000000,94000000,89000000,35000000,6000000,102000000,69000000,68500000,110200000,233500000,459600000,616300000,1014100000,1117800000,788500000,1179800000,728300000,588100000,809000000,1775800000,2325400000,2844200000,5412300000,9333400000,9283400000,3527700000,2392300000,3525500000,9246200000,6308500000,3586400000,1784400000,3310700000,2249000000,1094100000,4836500000,4999000000,
Kosovo,KSV,"Foreign direct investment, net inflows (BoP, current US$)",BX.KLT.DINV.CD.WD,,,,,,,,,,,,,,,,,,,,,,,,,,,,,,,,,,,,,,,,,,,,53289638.61,133823510.2,369808407.4,603224093.1,536790831.6,408068782.8,486596952.5,546217228.9,293195749.6,
Kuwait,KWT,"Foreign direct investment, net inflows (BoP, current US$)",BX.KLT.DINV.CD.WD,,,,,,,,,,25990000,10000,10000,300000,120000,250000,-510000,1330000,760000,1280000,830000,1210000,-90000,40000,-6030000,7250000,-14530000,-6320000,16320000,3660000,5600000,800000,35300000,13252115.53,10000,6701341.174,347351454.6,19779208.98,59063714.13,72269842.45,16299834.37,-111516284.5,3619441.977,-67111499.34,23752969.12,233904109.6,121305596.3,111535690.2,-5951752.859,1113588047,456346636.1,854879601.3,1850943364,
Lao PDR,LAO,"Foreign direct investment, net inflows (BoP, current US$)",BX.KLT.DINV.CD.WD,,,,,,,,,,,,,,,,,,,,,,,,,-1620000,,,2000000,4000000,6000000,6900000,7800000,29900000,59200000,95100000,159800000,86300000,45300000,51608266.56,33890000,23904284.13,4451297.031,19484000.8,16917263,27720000,187310641,323520000,227770000,318598209.1,278805903.1,300743507.1,294375016,
Lebanon,LBN,"Foreign direct investment, net inflows (BoP, current US$)",BX.KLT.DINV.CD.WD,,,,,,,,,,,,,,,,,,,,,,,,,,,,,,,,,,,,,,,,,,1335970000,2860020313,1898780570,2623502612,2674534372,3375980758,4333045470,4803602660,4279880835,3490150694,3677982962,
Liberia,LBR,"Foreign direct investment, net inflows (BoP, current US$)",BX.KLT.DINV.CD.WD,,,,,,,,,,57140000,-33960000,20650000,74840000,57710000,180410000,83170000,170450000,144690000,41210000,71920000,287950000,34799990.4,49099986.45,36199989.99,-16199995.51,-16499995.43,38499989.34,290150000,656040000,225240000,8410000,-10850000,-53620000,17380000,4600000,-132130000,213820000,190310000,256260000,20800000,8300000,2800000,372220000,75351731.65,82802111.44,107856671.5,131637661.6,283536077.4,127803424.5,452342327.6,1312748380,1354100000,
Libya,LBY,"Foreign direct investment, net inflows (BoP, current US$)",BX.KLT.DINV.CD.WD,,,,,,,,,,,,,,,,,-451273599.7,-702581652.2,-587736574.4,-1089340260,-744126662.8,-391821735.9,-326630705.6,-16888867.89,119235407.2,-176920553.7,-97633681.29,97982197.05,125166197.3,158911104.6,91903803.11,99093118.92,58152864.2,-72624307.46,-88486065.39,-111721670.8,-67915602.73,-127894074.6,-128069471.5,141000000,-133000000,145000000,143000000,357000000,1038000000,2064000000,4689000000,4111300000,1371000000,1784000000,,,
St. Lucia,LCA,"Foreign direct investment, net inflows (BoP, current US$)",BX.KLT.DINV.CD.WD,,,,,,,,,,,,,,,,2998465.391,13000000,20600000,26000000,30900000,38200000,26500000,10000000,12000000,17000000,14518518.52,15000000,16444444.44,26629629.63,44785185.19,57744444.44,40940740.74,34162962.96,32522222.22,32751851.85,18414814.81,47825925.93,83396296.3,83151851.85,53748148.15,58807407.41,51935414.81,106425925.9,76520285.19,78233429.63,233934733.3,271891074.1,161210706.2,146397591.1,121296972.6,112403599.3,109421100.7,
Liechtenstein,LIE,"Foreign direct investment, net inflows (BoP, current US$)",BX.KLT.DINV.CD.WD,,,,,,,,,,,,,,,,,,,,,,,,,,,,,,,,,,,,,,,,,,,,,,,,,,,,,
Sri Lanka,LKA,"Foreign direct investment, net inflows (BoP, current US$)",BX.KLT.DINV.CD.WD,,,,,,,,,,-300000,300000,300000,500000,1400000,142711.034,1000,-1218567.211,1474392.373,46911742.09,43010507.24,49264554.42,63567608.83,37778897.5,32612391.05,26162080.16,29723119.86,59504201.9,45722528.6,19741313.06,43355119.72,48349173.73,122625843.1,194479070.2,166412940.1,55995587.57,119874349.7,430056151.8,193424023.1,176410171.3,172941409.8,171790000,196500000,228720000,232800000,272400000,479700000,603000000,752200000,404000000,477559000,955920000,897893568.8,
Lesotho,LSO,"Foreign direct investment, net inflows (BoP, current US$)",BX.KLT.DINV.CD.WD,,,,,,,,,,,,,,,,,440000,20000,200000,4493898.803,4786170.248,3039189.427,4802082.399,2311429.545,0,2061133.757,5673029.987,21028261.68,13370284.18,17080426.42,7467681.956,2667301.851,14977904.57,18735210.49,275342824.2,287495126.7,268141389.1,264796034.6,163340657.2,32358552.66,29653665.4,28349958.85,43889006.03,55603320.3,70314549.48,58233609.67,104340388.9,194031167.1,177514498.8,177667803.4,200254568.3,197761575,
Lithuania,LTU,"Foreign direct investment, net inflows (BoP, current US$)",BX.KLT.DINV.CD.WD,,,,,,,,,,,,,,,,,,,,,,,,,,,,,,,,,30175186.84,31304837.64,72557500,152400000,354502500,925525000,486457500,378875000,445825000,712451702.6,179179527,773153992.8,1189024632,2052080644,2325256661,1908404219,19120717.92,862838334.9,1443081752,574048471.4,
Luxembourg,LUX,"Foreign direct investment, net inflows (BoP, current US$)",BX.KLT.DINV.CD.WD,,,,,,,,,,,,,,,,,,,,,,,,,,,,,,,,,,,,,,,,,,4058444309,2913545078,5192179943,6563696961,31785376740,-28259959104,16853281906,19945756008,34753156279,22165835112,27877718452,
Latvia,LVA,"Foreign direct investment, net inflows (BoP, current US$)",BX.KLT.DINV.CD.WD,,,,,,,,,,,,,,,,,,,,,,,,,,,,,,,,29405300,45123000,214453000,179618000,381694000,521053000,356900000,347600000,412500000,132000000,253600000,303500000,636900000,811800000,1702400000,2713500000,1434900000,-44000000,433000000,1502300000,1076300000,
"Macao SAR, China",MAC,"Foreign direct investment, net inflows (BoP, current US$)",BX.KLT.DINV.CD.WD,,,,,,,,,,,20000,320000,120000,,,1220000,,,320000,,,260000,8150000,,-380000,50000,-90000,350000,-600000,480000,10720000,-19500000,-3600000,3480000,2190000,5940000,2310000,-17890000,9420000,-790000,160004979.1,414579901.5,516689364.4,767702400.8,1771723327,2789287751,5306684323,3982658633,-406992069.8,3629274389,1950829378,4261273550,
St. Martin (French part),MAF,"Foreign direct investment, net inflows (BoP, current US$)",BX.KLT.DINV.CD.WD,,,,,,,,,,,,,,,,,,,,,,,,,,,,,,,,,,,,,,,,,,,,,,,,,,,,,
Morocco,MAR,"Foreign direct investment, net inflows (BoP, current US$)",BX.KLT.DINV.CD.WD,,,,,,,,,,20000000,23100000,13000000,5490000,-20400000,5020000,38014962.74,7994056.273,11759988.24,7437548.637,89416222.59,58581335.99,79528177.1,46123623.5,46989196.56,19975166.86,549182.4961,59574900.78,84661627.57,167056032.1,165122977.8,317462140.6,422470462.5,491466064.6,550924373.9,92386207.52,76412286.35,3568764.494,11869540.22,2651865.405,220739724.5,143838237.3,79160963.95,2312682907,787053819,1670609689,2460787164,2825801376,2466288357,1970323920,1240626688,2521364645,2841955517,
Monaco,MCO,"Foreign direct investment, net inflows (BoP, current US$)",BX.KLT.DINV.CD.WD,,,,,,,,,,,,,,,,,,,,,,,,,,,,,,,,,,,,,,,,,,,,,,,,,,,,,
Moldova,MDA,"Foreign direct investment, net inflows (BoP, current US$)",BX.KLT.DINV.CD.WD,,,,,,,,,,,,,,,,,,,,,,,,,,,,,,,,17000000,14000000,11568000,25910000,23740000,78740000,75500000,37890000,127540000,54540000,84050000,73750000,87690000,190700000,258680000,536020000,726610000,135150000,201500000,276420000,184940000,
Madagascar,MDG,"Foreign direct investment, net inflows (BoP, current US$)",BX.KLT.DINV.CD.WD,,,,,,,,,,10000000,1080000,12000000,11000000,13709798.87,4572770.629,1381044.467,-2767842.152,-3678181.295,-6581395.805,-790000,-800000,-90000,3710000,8570000,-180000,14040000,3470000,2910000,12816215.16,22387360.46,13681239.65,21132352.15,15357022.02,5728097.918,9710167.974,10161891.8,14005421.13,16635429.8,58385285.91,82952580.71,93059224,14661798.07,12874087,52910748,85444105,294512763.6,773295915.2,1169359714,1066058460,808153305.1,809780248.3,894664004.6,
Maldives,MDV,"Foreign direct investment, net inflows (BoP, current US$)",BX.KLT.DINV.CD.WD,,,,,,,,,,,,,-200000,70000,1970000,180000,1200000,970000,800000,-130000,-30000,-2880000,240000,-140000,1210000,5400000,5100000,1200000,4400000,5600000,6500000,6600000,6900000,8742866.201,7230710.762,9315251.95,11408883.4,11517966.62,12322250,22312447.82,20541053.26,24718599.77,31774435.57,52933701.73,52991121.06,63826812.89,132432080.8,181255431.8,157963586.8,216468945.7,256462915,283976829.8,
Mexico,MEX,"Foreign direct investment, net inflows (BoP, current US$)",BX.KLT.DINV.CD.WD,,,,,,,,,,312107000,307000000,178385000,457000000,508756000,458411000,731451000,327102000,658163000,1332000000,2090000000,3078000000,1901000000,2192000000,1542000000,1984000000,2036000000,1184000000,2011000000,2785000000,2549000000,4742000000,4393000000,4389000000,10972500000,9526290000,9185600000,12829800000,12756764558,13880522690,18110008381,29860771631,23932305855,18554099227,24820542066,24450693810,20245294650,31552084170,27728617800,16604661210,22562690700,23553049050,15453342870,
Marshall Islands,MHL,"Foreign direct investment, net inflows (BoP, current US$)",BX.KLT.DINV.CD.WD,,,,,,,,,,,,,,,,,,,,,,,,,,,,,,1000000,1000000,,1000000,-5000000,-5000000,5446000,-3422000,15000,97471000,125783000,250958000,-70438000,136923000,3453000,295690000,-1422000,189230000,422059000,555253000,274639000,-141557000,38377000,
"Macedonia, FYR",MKD,"Foreign direct investment, net inflows (BoP, current US$)",BX.KLT.DINV.CD.WD,,,,,,,,,,,,,,,,,,,,,,,,,,,,,,,,,,24000000,9490000,11210000,15740000,150482085.6,88406156.42,215056603.2,447131666.4,105574579.4,117759613.2,323027158.5,145329601.5,427444589.3,733466879,611688378.6,259530321.5,300734840.7,495096924.8,282676632,
Mali,MLI,"Foreign direct investment, net inflows (BoP, current US$)",BX.KLT.DINV.CD.WD,,,,,,,,,,,-600000,3400000,600000,-150000,2613001.826,2573754.877,3052755.441,-886305.3669,3060000,2366532.81,3680103.98,1521577.864,3149060.495,10069648.42,2893628.249,-8374099.229,-5989287.911,7050570.953,6363470.804,5729716.324,1205216.85,-21874496.99,4061271.097,17416999.67,111429781.4,44793062.54,62986001.56,8868521.506,2178011.841,82439544.84,121731667.8,243804700.2,132260768.2,101002336.4,174876912,16959586.42,-50072320.62,100318161.6,102764525.3,26928364.17,556147296.1,310463501.4,
Malta,MLT,"Foreign direct investment, net inflows (BoP, current US$)",BX.KLT.DINV.CD.WD,,,,,,,,,,,11544861.49,4455199.054,5151890.396,10636044.11,15853077.53,14113136.42,18469880.92,21536997.85,16179875.63,26633728.41,39048273.85,20866569.26,24511551.51,26245343.39,18970276.35,21883369.28,19392652.98,40803167.53,51651039.84,45794392.52,76982451.26,39542418.76,56441543.4,151693045.3,129193330.6,293183485.2,82267806.51,283173773.3,857406992.7,601037569.6,240121714.2,-429922333.3,1006985513,395214249.9,693199530.2,1781163849,838849237.4,1055756272,889451028.5,1042239228,647106169.4,599290811.5,
Myanmar,MMR,"Foreign direct investment, net inflows (BoP, current US$)",BX.KLT.DINV.CD.WD,,,,,,,,,,,50000,280000,30000,1020000,3310000,,60000,,,380000,,,-420000,780000,,140000,-1540000,,7890413.28,162787693.2,240411146.6,173339723.7,105745339,126910312.1,279922221.9,313412874.3,390813529.1,317833772.6,255617520.2,258266429.4,210318105.3,152084506.4,251452483.2,213548494.2,234904379,275812653,709922015.3,863880447.3,1078972201,901133534.9,1000557266,2242980000,
Montenegro,MNE,"Foreign direct investment, net inflows (BoP, current US$)",BX.KLT.DINV.CD.WD,,,,,,,,,,,,,,,,,,,,,,,,,,,,,,,,,,,,,,,,,,,,,,,937515441.4,975105642.3,1549312935,758407499.5,556257883.1,618367296,
Mongolia,MNG,"Foreign direct investment, net inflows (BoP, current US$)",BX.KLT.DINV.CD.WD,,,,,,,,,,,,,,,,,,,,,,,,,,140000,,,,,11120000,2000000,7700000,6900000,9800000,15900000,25000000,18900000,30400000,53700000,43000000,77794000,131500000,92900000,184600000,343980000,372754400,844697949.5,623609218.2,1691421732,4714590859,4451772354,
Northern Mariana Islands,MNP,"Foreign direct investment, net inflows (BoP, current US$)",BX.KLT.DINV.CD.WD,,,,,,,,,,,,,,,,,,,,,,2630000,6250000,16700000,21600000,6140000,14960000,95130000,,6552000,7377000,1562000,807000,1000000,596000,4596000,14608000,2534000,-465000,1504000,430000,-1206000,4272000,-3771000,-7939000,33864000,7714000,10038000,64000,14764000,-1143000,4561666.667,
Mozambique,MOZ,"Foreign direct investment, net inflows (BoP, current US$)",BX.KLT.DINV.CD.WD,,,,,,,,,,300000,30000,5500000,4020000,2000000,6670000,-12640000,,2000000,2430000,4360000,370000,1930000,2470000,-2920000,330000,1500000,6200000,4500000,3400000,9200000,22500000,25300000,32000000,35000000,45000000,72500000,64400000,212700000,381700000,139200000,255416251,347584940,336698815,244703873.4,122413755.6,185376653.3,416689348.4,559119391.3,899291141.6,1258161877,2846255302,5238320035,
Mauritania,MRT,"Foreign direct investment, net inflows (BoP, current US$)",BX.KLT.DINV.CD.WD,,,,,,,,,,800000,4040000,2110000,9850000,3620000,-122702517.7,1554786.8,4123975.176,2859463.851,63234733.34,27094083.33,12444137.69,14970300.85,1368321.829,8526200.303,6979308.556,4490756.303,1678435.265,1926632.932,3467748.733,6736220.521,2269792.037,7549402.913,16091938.17,2079708.679,6989378.508,-435540,-3329920,132643.0002,15119460,40096000,76700000,67400000,101893331,391600000,814100000,154601638.1,139372822.3,342770662,-3072044.396,130528391.3,588561031.3,1204368316,
Mauritius,MUS,"Foreign direct investment, net inflows (BoP, current US$)",BX.KLT.DINV.CD.WD,,,,,,,,,,1600000,1300000,1560000,1020000,3610000,3900000,3142995.05,2270213.413,4380787.812,1743787.427,1171220.51,671400.6631,1747520.131,1623071.535,4927417.212,7965040.165,7425912.598,17160761.13,23739137.39,35803826.51,41040223.9,17377628.54,14714189.72,14732526.73,19988456.06,18692860.96,36661330.28,55277851.54,12170393.85,49353190.64,265641239.4,-27675565.71,32073116.08,62630665.28,13894736.4,41776995.78,106758059.1,340763853.7,377724738.1,256680711.8,429958030.7,273392322.2,360931780.4,
Malawi,MWI,"Foreign direct investment, net inflows (BoP, current US$)",BX.KLT.DINV.CD.WD,,,,,,,,,,8600000,9600000,10100000,7700000,22700000,22110000,9700000,5537539.587,9125979.115,-1224173.136,9481641.542,1116945.186,6000000,2553705.855,27290000,523530.7692,-2930000,90549.2605,17440000,9290000,23300000,-28700000,-7100000,8000000,24992617.89,5643045.579,15797661.13,14868714.36,12104230.4,58528206.28,25999996.36,19299991.09,5899999.359,83151292.6,129706673,139696707.4,35561531.63,124388838.7,195424461.1,49130854.84,97010028.45,128810738.2,129492664.7,
Malaysia,MYS,"Foreign direct investment, net inflows (BoP, current US$)",BX.KLT.DINV.CD.WD,,,,,,,,,,94000000,100000000,114000000,172000000,570819254.6,350491202.9,381259652.1,405885818.5,499991005,573467421.8,933903976.3,1264688331,1397196045,1260527733,797476861.3,694712466.2,488874111,422679710,719418050.4,1667871569,2332455289,3998448522,5183358086,5005642760,4341800916,4178239335,5078414948,5136514576,2163401816,3895263158,3787631579,553947368.4,3203421053,2473157895,4624210526,3924786635,7690731246,9071369835,7572512432,114664434.6,10885613792,15119371105,9733616207,
Namibia,NAM,"Foreign direct investment, net inflows (BoP, current US$)",BX.KLT.DINV.CD.WD,,,,,,,,,,,,,,,,,,,,,,,,,,9000000,-170000,-1510000,-480000,29567264.72,120449858.1,118232231.8,55267528.17,97977966.46,153015438,128693897.3,90972979.01,96232390.37,1592530.1,118862678.4,36137622.27,51232316.67,33258076.2,88203578.82,392758629.4,609774001.2,669795195.4,749771643.8,549806151.3,686289138.9,968867335,357492171.1,
New Caledonia,NCL,"Foreign direct investment, net inflows (BoP, current US$)",BX.KLT.DINV.CD.WD,,,,,,,,,,,,10000,9570000,,410000,3333.3333,3193333.333,3193333.333,3326666.667,2000000,1202222.222,2130000,120000,2840000,110000,140000,1150740.741,860000,8290000,31350000,3300000,-200000,20000000,40000,710000,-860000,10000000,20000,4460000,-40626074.95,103041244.2,59055445.66,116048161.9,27480195.73,-6738759.001,749088411.7,417453934.4,1746381957,1182295528,1862555988,1745036974,1587780303,
Niger,NER,"Foreign direct investment, net inflows (BoP, current US$)",BX.KLT.DINV.CD.WD,,,,,,,,,,2720000,-5300000,900000,1000000,6908881.395,22555805.05,9889077.682,12850065.24,42657877.31,46788844.8,49119755.01,-6112652.711,28216139.91,1215012.508,1446367.682,-9382033.129,17597158.86,14816832.82,6906202.119,761735.6677,40813210.12,15157374.27,56390110.91,-34351290.4,-11258910.54,7188242.642,9873865.71,18171246.43,-1023812.498,276108.8837,8437078.897,22895113.75,2404631.802,14912242.46,26326708.16,49733809.25,40274236.62,98942805.39,281935056.4,631278387,795859656,1065789864,793354975.9,
Nigeria,NGA,"Foreign direct investment, net inflows (BoP, current US$)",BX.KLT.DINV.CD.WD,,,,,,,,,,205000000,286000000,305000000,373000000,257000000,470120000,339000000,440514242.5,210933271.4,309598869.2,-738870004.4,542327289.1,430611256.5,364434580.2,189164784.9,485581320.9,193214907.5,610552091.5,378667097.7,1884249739,587882970.6,712373362.5,896641282.5,1345368587,1959219858,1079271551,1593459222,1539445718,1051326217,1004916719,1140137660,1190632024,1874042130,2005390033,1874033035,4982533943,4854416867,6034971231,8196606673,8554840769,6048560266,8841952775,7101031884,
Nicaragua,NIC,"Foreign direct investment, net inflows (BoP, current US$)",BX.KLT.DINV.CD.WD,,,,,,,,,,15000000,13300000,10000000,13200000,13800000,10900000,12900000,10000000,7000000,2800000,12533333.33,-30000,9966666.667,100000,7444444.444,-10000,60000,2410000,-90000,2800000,670000,42000000,15000000,38800000,46700000,88900000,120000000,203400000,218200000,337300000,266500000,150200000,203900000,201300000,250000000,241100000,286800000,381700000,626100000,434200000,508000000,967900000,804600000,
Netherlands,NLD,"Foreign direct investment, net inflows (BoP, current US$)",BX.KLT.DINV.CD.WD,,,,,,,,,,632596684.6,752897735.5,754553458.3,1118995448,1103114454,1232377357,581098299.1,605297449.1,1082145423,1715155179,2278377890,1799058373,1227497018,1357995934,1716938277,1504626364,3129068298,3029037167,4781352996,8559308808,10675649733,5623819475,6186517513,6380304064,7126515355,12206170579,16604370594,11033361090,37618898706,41167755932,63118802016,51979626672,25457149405,20440751399,4378639328,44361220635,20145260787,1.27E+11,11330712482,34271244591,-7665079047,20278529813,6684355657,
Norway,NOR,"Foreign direct investment, net inflows (BoP, current US$)",BX.KLT.DINV.CD.WD,,,,,,,,,,64000000,94000000,121000000,209000000,346000000,219677309.8,371391272.3,768296209.7,489814167.6,401356278.2,59815997.65,671834823.5,442014474.4,328326744.9,-180453470.8,-426467505.7,1017367168,186764620.5,279336284,1519335828,1003127861,-397605982.8,-668114803,991524094.7,2736393920,2392766980,3179027080,3886051614,4353858045,6775943655,6961693056,2103858889,656954092.9,3549766423,2543976753,10529613555,12110627651,25453237724,23901506606,7482324092,20398921411,13022330356,22951127506,
Nepal,NPL,"Foreign direct investment, net inflows (BoP, current US$)",BX.KLT.DINV.CD.WD,,,,,,,,,,,,30000,-10000,250000,,-40000,,410000,300000,300000,-230000,-30000,-600000,950000,650000,1170000,1390000,680000,420000,5940000,2220000,,,,,19160171.09,23056467.77,12024659.9,4350000,-484827,20850000,-5952541.127,14778085.61,-417346.3839,2451784.707,-6647983.904,5741706.053,995123.9307,38176181.11,87799641.89,94022274.7,91996289.68,
New Zealand,NZL,"Foreign direct investment, net inflows (BoP, current US$)",BX.KLT.DINV.CD.WD,,,,,,,,,,146000000,110000000,126691200,207651305.8,251606581.9,138170134,277642663.4,154322238.2,273738238.1,350535640.3,178240115.7,274605379.1,327618472.3,174927188.3,1262834208,1265521830,1213713076,1284125983,1717396757,1627085450,1735087581,1289798131,1934131391,2395941412,2496120602,3316447778,2337643247,2466580757,1283024499,1145708993,3840546921,-299061278.8,1481020349,2266636953,2340482422,1696406252,5257085481,1860569105,4492519598,-302106016.2,501819829.7,4063971095,2209082993,
Oman,OMN,"Foreign direct investment, net inflows (BoP, current US$)",BX.KLT.DINV.CD.WD,,,,,,,,,,3020000,-270000,1710000,1486666.667,-61088593.11,106253619.3,81354951.02,48060220.17,86276780.79,117544875.8,98436595.54,62536190.11,182107701.7,154603358.9,158078735.6,161264639,140320778.7,34850455.14,91807542.26,112353706.1,142262678.8,135240572.2,104291287.4,142002601.7,76462939.88,46293889.07,60600000,64500000,102000000,40100000,82000000,5201560.468,109232769.8,24967490.25,111053316,1538361508,1596098830,3332119636,2951885566,1509232770,1141742523,788036410.9,1513654096,
Pakistan,PAK,"Foreign direct investment, net inflows (BoP, current US$)",BX.KLT.DINV.CD.WD,,,,,,,,,,23000000,1000000,17000000,-4000000,4000000,25000000,8220530.168,15223204.01,32273192.51,58254127.36,63632992.78,108084748.5,63833091.62,29457026.66,55510169.71,131389252.2,105730331.8,129377643.6,186491557.3,210599917.1,245262963.5,258414487,336479857.1,348556957.8,421024638.5,722631560.7,921976182.5,716253125.4,506000000,532000000,308000000,383000000,823000000,534000000,1118000000,2201000000,4273000000,5590000000,5438000000,2338000000,2018000000,1308770000,853680000,
Panama,PAN,"Foreign direct investment, net inflows (BoP, current US$)",BX.KLT.DINV.CD.WD,,,,,,,,,,,,,,,,,10900000.01,-2500000.003,49800000.05,218500000.2,303200000.3,366600000.4,79400000.08,-135500000.1,67300000,20300000,-556500000,-595100000,51500000,135500000,108500000,144500000,169600000,401500000,223000000,415500000,1299300000,1203100000,755600000,623900000,467100000,98600000,817500000,1019100000,1104400000,2936300000,2023400000,2534000000,1085500000,2194600000,3223100000,3383000000,
Peru,PER,"Foreign direct investment, net inflows (BoP, current US$)",BX.KLT.DINV.CD.WD,,,,,,,,,,-13960000,-3220000,60313000,95630000,62372000,81105000,71889000,54100000,25000000,71000000,26900000,125000000,48000000,38000000,-89000000,1000000,22000000,32000000,26000000,59000000,41000000,-7000000,-79000000,760588959.2,3289186723,2556981500,3471149000,2139260000,1643949120,1940008800,809696760,1144260000,2155836815,1335007073,1599038389,2578719365,3466531061,5490961307,6923651285,6430652961,8454627588,8232636979,12244224090,
Philippines,PHL,"Foreign direct investment, net inflows (BoP, current US$)",BX.KLT.DINV.CD.WD,,,,,,,,,,-1040000,21590000,4100000,59300000,130740000,114000000,153500000,210000000,101000000,7000000,-106000000,172000000,16000000,105000000,9000000,12000000,127000000,307000000,936000000,563000000,530000000,544000000,228000000,1238000000,1591000000,1478000000,1517000000,1222000000,2287000000,1247000000,2240000000,195000000,1542000000,491000000,688000000,1664000000,2707000000,3245000000,1436000000,2712000000,1635000000,1816000000,2797000000,
Palau,PLW,"Foreign direct investment, net inflows (BoP, current US$)",BX.KLT.DINV.CD.WD,,,,,,,,,,,,,,,,,,,,,,,,,,,,,1000000,1000000,1000000,1000000,,,-210000,-3780000,81220000,-1530000,6150000,14910000,10760000,1240000,1560000,180000,870000,1187000,3513000,5997000,794000,6723000,6233000,4583333.333,
Papua New Guinea,PNG,"Foreign direct investment, net inflows (BoP, current US$)",BX.KLT.DINV.CD.WD,,,,,,,,,,129650000,47490000,85880000,111900000,72690000,-2230000,20830132.15,19802242.97,38906963.65,44202748.93,75523630.69,86179343.01,85888142.9,138866933.6,115687425.6,83349062.31,90804634.29,93178868.69,153493786.4,203390734.4,155413498.3,116718887.9,104299700.9,61950797.72,56950397.66,454568860.1,111294012.9,28575266.32,109626019.5,296492684.4,95931144.21,62540527,18278809.76,117666772.8,30503887.26,31818696.74,11777272.97,94558953.92,-30591591.76,418816685.9,28720688.24,-309198345,28795623.07,
Poland,POL,"Foreign direct investment, net inflows (BoP, current US$)",BX.KLT.DINV.CD.WD,,,,,,,,,,,,,,,,6000000,5000000,25000000,30000000,10000000,18000000,14000000,16000000,28000000,15000000,16000000,12000000,15000000,11000000,89000000,291000000,678000000,1715000000,1875000000,3659000000,4498000000,4908000000,6365000000,7270000000,9343000000,5714000000,4131000000,4589000000,12716000000,11051000000,21518000000,25573000000,15031000000,14388000000,17074000000,17357000000,6701000000,
Puerto Rico,PRI,"Foreign direct investment, net inflows (BoP, current US$)",BX.KLT.DINV.CD.WD,,,,,,,,,,,,,,,,,,,,,,,,,,,,,,,,,,,,,,,,,,,,,,,,,,,,,
"Korea, Dem. Rep.",PRK,"Foreign direct investment, net inflows (BoP, current US$)",BX.KLT.DINV.CD.WD,,,,,,,,,,,,,,,,,,,,,,,,,,313396.117,3140000,950000,629010000,-60790000,133770000,1920000,8490000,-660000,-10000,1840000,307370000,30660000,-14880000,3420000,-3830000,-16390000,158220000,196890000,50240000,-104620000,66730000,43800000,1970000,37656666.67,56000000,79000000,
Portugal,PRT,"Foreign direct investment, net inflows (BoP, current US$)",BX.KLT.DINV.CD.WD,,,,,,,,,,28900000,56000000,73000000,95000000,106000000,115351290.5,62999101.2,57914757.95,65993577.46,78304050.82,156950738.2,174486586.1,144033051.6,146837896.8,198221489.4,274036105.2,238151215.9,465868832.5,921583433.4,1736891397,2609986421,2448454131,1873428553,1533880551,1269714976,684572213.8,1346933845,2356609508,3004311817,1167568547,6681615748,6173803044,1754821994,7254867766,1660654223,4427915723,12642146716,5984293836,7518979341,5319202736,6187057515,11878396627,13377449646,
Paraguay,PRY,"Foreign direct investment, net inflows (BoP, current US$)",BX.KLT.DINV.CD.WD,,,,,,,,,,4752000,7100000,3481000,9200000,23656000,24400000,22000000,21700000,24600000,50200000,31700000,31900000,36600000,4900000,5200000,700000,600000,5300000,8400000,12800000,76900000,86100000,117500000,75000000,137100000,103200000,149400000,235800000,341900000,94500000,104100000,84200000,10000000,27400000,37679000,7300000,187800000,105000000,260900000,49100000,355900000,134366666.7,363100000,
French Polynesia,PYF,"Foreign direct investment, net inflows (BoP, current US$)",BX.KLT.DINV.CD.WD,,,,,,,,,,,,,,,,,,,,,,,,,,,,,,,,,,,,,,,,,,10930935.86,58213238.5,6420023.009,7818937.09,30649550.54,58249411.64,13884190.29,21843717.56,115046879.6,126189006.4,87401515.15,
Qatar,QAT,"Foreign direct investment, net inflows (BoP, current US$)",BX.KLT.DINV.CD.WD,,,,,,,,,,5690000,27340000,10000,1320000,12970000,9120000,200000,2020000,8910000,4570000,10840000,3780000,3710000,950000,-14940000,7970000,-1470000,-2970000,-20630000,-1500000,4880000,42540000,39580000,72050000,131850000,93560000,338870000,418330000,347300000,113250000,251600000,295520000,623920000,624920000,1198970000,2500000000,3500000000,4700000000,3778626374,8124736264,4670329670,-86758241.76,326923076.9,
Romania,ROU,"Foreign direct investment, net inflows (BoP, current US$)",BX.KLT.DINV.CD.WD,,,,,,,,,,,,,,,,,,,,,,,,,,,,,,10000,40000000,77000000,94000000,341000000,419000000,263000000,1215000000,2031000000,1041000000,1037000000,1157000000,1144000000,1844000000,6443000000,6866410000,11450830000,10290000000,13849000000,4926000000,3204000000,2557000000,2024000000,
Russian Federation,RUS,"Foreign direct investment, net inflows (BoP, current US$)",BX.KLT.DINV.CD.WD,,,,,,,,,,,,,,,,,,,,,,,,,,,,,,,,1161000000,1211000000,690000000,2065000000,2579000000,4864643273,2761260000,3309430000,2714230000,2748285600,3461131800,7958120200,15444370800,15508100000,37594700000,55873700000,74782900000,36583100000,43167700000,55083600000,50661000000,
Rwanda,RWA,"Foreign direct investment, net inflows (BoP, current US$)",BX.KLT.DINV.CD.WD,,,,,,,,,,60000,1700000,500000,2000000,2200000,3000000,5607533.673,4794908.563,4860992.024,13461650.58,17707777.08,19205990.61,20653349.16,10916401.72,15064915.09,14618053.38,17593148.42,17593613.95,21047058.39,15508619.43,7562353.797,4577984.591,2187569.8,5851479.716,1000,2212201.515,2218241.13,2598560.174,7089193.681,1725716.61,8319040.466,4634137.685,2610000,4655622.785,7660000,7960000,30643966.47,82283165.86,103346051.9,118670000,42332000,106210000,159814904.8,
Saudi Arabia,SAU,"Foreign direct investment, net inflows (BoP, current US$)",BX.KLT.DINV.CD.WD,,,,,,,,,,7360000,-111437265.4,33777644.42,-625912388.7,-3732394367,1864901265,-396600566.7,782964286,555954027.6,-1270516965,-3192312800,6498136246,11128383580,4943904678,4849863063,491422763.2,965935919.1,-1173333333,-328000000,-653333333.3,1861333333,160000000,-78933333.33,1367200000,349333333.3,-1874666667,-1127466667,3039466667,4283466667,-778933333.3,-1881066667,19640000,-614133333.3,-586506666.7,-334320000,12106749694,18317596796,24333811514,39455863929,36457666667,29232706667,16308280000,12182373333,
Sudan,SDN,"Foreign direct investment, net inflows (BoP, current US$)",BX.KLT.DINV.CD.WD,,,,,,,,,,1660000,,610000,260000,-1160000,1300000,5840000,8270000,5990000,-2660000,8850000,19330000,16790000,6320000,9076923.077,-3040000,-8170000,11650000,2020000,3488888.889,-31130000,-620000,90000,-160000,99180000,12000000,400000,97900000,370700000,370800000,392200000,574000000,713180000,1349190000,1511070000,3312490192,4146584892,4240078554,6704912323,5566468222,6114042611,2615777722,2487568924,
Senegal,SEN,"Foreign direct investment, net inflows (BoP, current US$)",BX.KLT.DINV.CD.WD,,,,,,,,,,5000000,9800000,15200000,4900000,10261537.61,22537140.75,35865169.59,27963239.84,-5007625.323,8931860.256,14483180.8,34372171.17,28057895.81,-34692149.79,29087552.6,-15803661.97,-8431851.638,-3959584.786,14940495.59,26801810.53,56893144.78,-7550329.09,21383359.76,-812254.2195,66876235.54,31673945.42,8722468.58,176017459.3,70619331.61,153246927.1,62937490.49,31942387.44,78052970.94,52494809.92,77028525.68,167871749.6,289579009.5,350986144.1,453898201.2,330149356.4,274894642.9,338218901.1,337669579.3,
Singapore,SGP,"Foreign direct investment, net inflows (BoP, current US$)",BX.KLT.DINV.CD.WD,,,,,,,,,,93000000,116000000,161066666.7,352816700.9,340190955.7,291823050.8,230690621.7,291465114.5,299908752.2,836031838.2,1235750842,1659967735,1601850446,1133905966,1301871313,1046746813,1710283593,2836204782,3654794589,2886591947,5574738855,4887094440,2204342221,4686312017,8550165227,11535267660,9682130955,13752707284,7313866999,16577945946,16484457326,15086711251,6401974025,11941337976,21026034944,18090329984,36700155240,46972279021,12199998469,24939245829,53622774583,55922840687,56651074727,
Solomon Islands,SLB,"Foreign direct investment, net inflows (BoP, current US$)",BX.KLT.DINV.CD.WD,,,,,,,,,,,-170000,-10000,700000,-50000,7854773.957,4888282.38,4435491.323,4578448.86,3464345.96,2410140.22,229841.1266,1029755.42,435328.3545,1962762.257,675325.8448,3100775.194,10482747.15,1680658.818,11599300.84,10439803.07,14513306.93,14173013.22,23370838.21,2096398.903,2025896.239,5944439.122,33871933.24,8804628.106,9900495.542,13028276.9,-9313295.213,-445791.1682,-1801219.734,6015775.632,548149.3494,20453906.9,42791026.52,90622317.54,115413024.2,121564675.9,105447882.6,68257106.56,
Sierra Leone,SLE,"Foreign direct investment, net inflows (BoP, current US$)",BX.KLT.DINV.CD.WD,,,,,,,,,,8200000,5200000,3800000,6240000,10500000,10100000,8500000,5058889.549,24258785.87,16083672.27,-18670264.71,7505833.384,4682515.644,1697315.442,5856690.373,-30957002.26,-140310793.7,39409532.64,-23088456.54,22356434.27,32434698.87,7504465.13,-5599050.407,-7462923.506,-2874187.61,7287055.908,663927.9052,1800032.094,104884.9527,533201.7881,39000824.52,9835742.022,10413409.46,8615049.668,61153314.19,90731669.74,58869143.91,95470171.32,53095074.15,110430202.5,238404157.8,714974887.7,548073514.9,
El Salvador,SLV,"Foreign direct investment, net inflows (BoP, current US$)",BX.KLT.DINV.CD.WD,,,,,,,,,,,,,,,,12960000,18640000,23360000,-9960000,5880000,-5720000,-1000000,28080000,12360000,12400000,24133631.48,18320000,16960000,14360000,1898272.086,25180498.96,15309478.72,16432044.02,2180000,38037218.6,-4797258.709,59043540.33,1103712164,215800000,173400000,278900000,470000000,141200000,363270000,511140000,241130000,1550510000,903050000,368730000,247655868.1,306212967.4,466787694.5,
San Marino,SMR,"Foreign direct investment, net inflows (BoP, current US$)",BX.KLT.DINV.CD.WD,,,,,,,,,,,,,,,,,,,,,,,,,,,,,,,,,,,,,,,,,,,,,,,,,,,,,
Somalia,SOM,"Foreign direct investment, net inflows (BoP, current US$)",BX.KLT.DINV.CD.WD,,,,,,,,,,4500000,1700000,4500000,600000,700000,11790000,2200000,7783955.521,301826.8468,10000,-30000,110000,-762765.8635,-8234280.047,-14941142.09,-709091.5883,3060000,64340000,-43390000,-41160000,5590000,-150000,-60000,2000000,1000000,1000000,1300000,1100000,40000,-810000,270000,40000,140000,-850000,-4790000,24000000,96000000,141000000,87000000,108000000,112000000,102000000,107330000,
Serbia,SRB,"Foreign direct investment, net inflows (BoP, current US$)",BX.KLT.DINV.CD.WD,,,,,,,,,,,,,,,,,,,,,,,,,,,,,,,,125681308.1,96107350.1,62584782.35,44985353.61,1000,740000000,113000000,112000000,51887000,177484000,567326077.6,1405952494,1028060187,2050766877,4968045047,3431919716,2996385201,1935601654,1340194855,2700435377,355286701.7,
South Sudan,SSD,"Foreign direct investment, net inflows (BoP, current US$)",BX.KLT.DINV.CD.WD,,,,,,,,,,,,,,,,,,,,,,,,,,,,,,,,,,,,,,,,,,,,,,,,,,,,,
Sao Tome and Principe,STP,"Foreign direct investment, net inflows (BoP, current US$)",BX.KLT.DINV.CD.WD,,,,,,,,,,,,,,,,,,,,,,,,,,,240000,200000,-50000,,,,-480000,,30000,320000,400000,4200000,3000000,3800000,3000000,3600000,3400000,3501000,15664000,38015839.46,36028527.82,79143388.76,15500000,50600000,32152348.55,22471527.03,
Suriname,SUR,"Foreign direct investment, net inflows (BoP, current US$)",BX.KLT.DINV.CD.WD,,,,,,,,,,-5000000,-6800000,3010000,14200000,7450000,1160000,1060000,-22600000,-13500000,-27400000,18100000,61700000,-11100000,81500000,-70900000,21300000,-60400000,-129600000,-171000000,-299700000,-76800000,18500000,-54300000,-46600000,-30200000,-20600000,19100000,-9200000,9100000,-61500000,-148000000,-26800000,-73600000,-76100000,-37300000,27900000,-163400000,-246700000,-231400000,-93400000,-247700000,145288761.2,65862819.65,
Slovak Republic,SVK,"Foreign direct investment, net inflows (BoP, current US$)",BX.KLT.DINV.CD.WD,,,,,,,,,,,,,,,,,,,,,,,,,,,,,,,,,198834261.9,269877766.2,236132979.2,350826240,173745483.8,562131586.6,354306697.5,2052480853,,4104198576,559265399.6,3037419119,2998306985,4071689261,3890418043,4076009621,1605221844,2117516331,3658300079,1527246240,
Slovenia,SVN,"Foreign direct investment, net inflows (BoP, current US$)",BX.KLT.DINV.CD.WD,,,,,,,,,,,,,,,,,,,,,,,,,,,,,,,,111000000,112600000,116900000,150400000,173300000,334500000,215700000,106600000,135800000,503400000,1659500000,301500000,831400000,970800000,691588429.4,1884932873,1822571058,-354386861.3,634417623.6,816502675.5,-227373077.3,
Sweden,SWE,"Foreign direct investment, net inflows (BoP, current US$)",BX.KLT.DINV.CD.WD,,,,,,,,,,108250003.3,84100267.01,65306129.6,83963592.67,76586494.89,80215154.58,4864300.268,81453706.86,69712036.85,112469609.9,250911512.5,181117388.5,355014409,225698175.7,290015353,392953911.9,1082656171,639212993.1,1673425168,1812004571,1982424728,6350883200,-5418689.918,3704921362,6268780978,14939375567,5491883748,10271066269,20017256701,60626719354,23881414455,11243410846,12388454035,5008666344,12118390652,20302602054,22666049640,44410267100,41490542561,9030614660,2077903353,2759409193,4039290161,
Swaziland,SWZ,"Foreign direct investment, net inflows (BoP, current US$)",BX.KLT.DINV.CD.WD,,,,,,,,,,,,670000,60000,3532128.368,14469084.23,7359999.994,20009999.98,21734999.98,55476487.31,26451289.82,37081690.02,-13630304.1,-5654788.62,5016005.464,11651363.32,31115542.53,56285915.42,50583524.95,67183250.7,30108364.99,82134779.99,87306719.2,71920619.79,63262111.48,51756162.32,21715844.98,-15313929.48,152720441.7,98270489.56,90658006.19,29330084.35,92050689.64,-60903856.8,69582011.84,-45850344.68,121031132.7,37493846.24,105729374.7,65705859.52,135660413.7,93211828.7,89720196.69,
Sint Maarten (Dutch part),SXM,"Foreign direct investment, net inflows (BoP, current US$)",BX.KLT.DINV.CD.WD,,,,,,,,,,,,,,,,,,,,,,,,,,,,,,,,,,,,,,,,,,,,,,,,,,,-48480446.93,13508379.89,
Seychelles,SYC,"Foreign direct investment, net inflows (BoP, current US$)",BX.KLT.DINV.CD.WD,,,,,,,,,,2200000,1810000,1350000,5840000,1730000,4580000,6335185.215,7064934.16,6328689.099,7506481.803,9519566.795,10069846.48,10014685.8,9122965.262,9773108.986,11646628.42,14197369.67,19404469.32,23202323.48,22429117.36,20239899.2,19582923.96,9014031.003,18836123.16,30736620.72,45884323.21,28812973.89,53398677.96,53209768.43,55216733.48,24326996.84,64740256.51,47717748.07,58425540.73,38014852.1,85879602.73,145815248.3,26389157.07,20608191.29,12659083.08,13315708.96,138749911.9,11595246.34,
Syrian Arab Republic,SYR,"Foreign direct investment, net inflows (BoP, current US$)",BX.KLT.DINV.CD.WD,,,,,,,,,,-100000,,10000,-45000,10000,140000,100000,90000,,40000,-40000,40000,95000,-20000,50000,15000000,20000000,22000000,27000000,30000000,40000000,54000000,57000000,109000000,251000000,100000000,89000000,80000000,82000000,263000000,270000000,110000000,115000000,160000000,275000000,500000000,659000000,1241959115,1465623386,2569548272,1469196863,,,
Turks and Caicos Islands,TCA,"Foreign direct investment, net inflows (BoP, current US$)",BX.KLT.DINV.CD.WD,,,,,,,,,,,,,,,,,,,,,,,,,,,,,,,,,,,,,,,,,,,,,,,,,,,,,
Chad,TCD,"Foreign direct investment, net inflows (BoP, current US$)",BX.KLT.DINV.CD.WD,,,,,,,,,,,,,,,,,21153560.04,34136051.21,-1290000,-430000,-110000,-120000,-90000,9186265.628,53650093.6,28200501.06,8162068.47,1289247.26,18739324.37,9400000,4239527.508,1960770.974,15160901.58,27074698.97,32611570.12,39466173.53,44293940.57,21696680.41,24524970.81,115172421.5,459866391.8,924119210.1,712663454.9,466793492.1,-99342519.36,-278519544.5,-321577212.6,466223061.6,375825152.8,312730575,281916405.8,323490711.2,
Togo,TGO,"Foreign direct investment, net inflows (BoP, current US$)",BX.KLT.DINV.CD.WD,,,,,,,,,,,,,,-44328180.69,5212005.429,5624596.024,11258562.07,92893665.51,52585152.01,42734849.49,10193888.02,16131768.51,1443319.394,-9936912.147,16275545.97,6113092.437,7150544.289,12966335.72,9169040.444,18239596.96,6479812.947,-13109576.41,-11873037.76,15419538.18,26168568.95,17308098.79,20999902.65,30161787.4,42554875.65,41921340.74,63584654.22,53363887.38,33733636.29,59358133.05,95965416.47,91315553.92,62324369.4,50687212.17,46118873.9,124942198.6,171038613.9,166324169.4,
Thailand,THA,"Foreign direct investment, net inflows (BoP, current US$)",BX.KLT.DINV.CD.WD,,,,,,,,,,,,,,,85626229.2,79117247.89,106077896.2,55653209.32,55280864.57,189859432.3,290555396.4,190868602.2,349606931.8,401019248.9,163200658,262504153.8,351932497.4,1105370110,1775449345,2443549743,2013985971,2113021867,1804040985,1366440825,2067936429,2335837475,3894755071,7314804931,6102677671,3365987583,5067170388,3341612007,5232270340,5860255943,8055353138,9454930945,11326925416,8538342442,4853961111,9103993910,9005266297,10689324361,
Tajikistan,TJK,"Foreign direct investment, net inflows (BoP, current US$)",BX.KLT.DINV.CD.WD,,,,,,,,,,,,,,,,,,,,,,,,,,,,,,,,9000000,9000000,12000000,10000000,18000000,18000000,29940400,6702900,23543300,9495400,36066400,31649700,272025100,54479300,338627400,359967400,375787400,15819400,-15675300,67496200,198280200,
Turkmenistan,TKM,"Foreign direct investment, net inflows (BoP, current US$)",BX.KLT.DINV.CD.WD,,,,,,,,,,,,,,,,,,,,,,,,,,,,,,,,,79000000,103000000,233000000,108060000,107860000,62300000,125000000,131000000,170000000,276000000,226000000,353700000,418200000,730900000,856000000,1277000000,4553000000,3631000000,3399000000,3159000000,
Timor-Leste,TLS,"Foreign direct investment, net inflows (BoP, current US$)",BX.KLT.DINV.CD.WD,,,,,,,,,,,,,,,,,,,,,,,,,,,,,,,,,,,,,,,,,,,4519000,,908000,8478084.462,8695061.688,39697970.75,49930822.91,28515977.97,48276074.3,18901282.63,
Tonga,TON,"Foreign direct investment, net inflows (BoP, current US$)",BX.KLT.DINV.CD.WD,,,,,,,,,,,,,,,,,40000,50000,,,,,,20946.89127,129785.0004,177807.8701,49221.85307,28583.53027,173532.0066,197863.7368,358964.6379,1224036.082,2178053.312,2780521.428,1028451.382,284990.7059,-10526.1492,45708.6176,958145.9919,4802786.466,1106203.233,-327989.8323,3375150.697,4586984.993,7204705.15,11600987.57,29123525.64,5949790.984,423983.4539,11919643.28,27743147.22,8090721.583,
Trinidad and Tobago,TTO,"Foreign direct investment, net inflows (BoP, current US$)",BX.KLT.DINV.CD.WD,,,,,,,,,,83200000,103300000,86100000,65600000,120153000,92957979.33,132154443.3,83541666.7,128833333.4,93833333.37,184541666.7,258083333.4,203500000.1,117708333.4,113208333.3,1183673.469,-14527777.78,33138888.89,62907317.07,148894117.6,109411764.7,169341176.5,177882352.9,379211987.1,516174947.2,298934269.1,355399933.9,999347641.8,729767481.2,643300000,679500036,834900044.6,1007800000,808300000,998100000,939700000,882700000,830000000,2800800000,709100000,549400000,1216100000,2527100000,
Tunisia,TUN,"Foreign direct investment, net inflows (BoP, current US$)",BX.KLT.DINV.CD.WD,,,,,,,,,,,,,,,,109614600,93250961.87,91308657.52,49205031.34,234594450.6,295663767.4,340281452.3,184157540.9,113280412,107849549.9,64229378.64,91714057.29,60619896.73,77950464.59,76280834.91,125456831.4,525760373.9,561897566.6,432008501.8,264340470.5,238337799.3,339087778.5,649849612.5,349849311.9,752179569.8,451862342.2,790795273.4,540878957.4,593673054.3,712714847.3,3239909093,1515345044,2600674976,1525244858,1334497695,432666011.6,1554269129,
Turkey,TUR,"Foreign direct investment, net inflows (BoP, current US$)",BX.KLT.DINV.CD.WD,,,,,,,,,,,,,,64000000,114000000,10000000,27000000,34000000,75000000,18000000,95000000,55000000,46000000,113000000,99000000,125000000,115000000,354000000,663000000,684000000,810000000,844000000,636000000,608000000,885000000,722000000,805000000,940000000,783000000,982000000,3352000000,1082000000,1702000000,2785000000,10031000000,20185000000,22047000000,19760000000,8663000000,9036000000,16047000000,12519000000,
Tuvalu,TUV,"Foreign direct investment, net inflows (BoP, current US$)",BX.KLT.DINV.CD.WD,,,,,,,,,,,,,,,,,,,,,,,,,,,,,,,,,,,,,,,,,,,,,,,,,,,,,
Tanzania,TZA,"Foreign direct investment, net inflows (BoP, current US$)",BX.KLT.DINV.CD.WD,,,,,,,,,,3070000,5150000,7690000,6030000,-2060000,-870000,6560000,2940000,6120000,8020000,4580000,18920000,17310000,1520000,-8420000,14510000,-7490000,-470000,3760000,5840000,10000,10000,12169639.33,20457763.54,50000895.26,119936653.8,150066382,157885063.9,172306244.9,516700641.7,463400858.8,388800000,396244758.8,364258864.6,226732347.3,935520591.7,403038991.4,581511807,1383260000,952630000,1840053812,1229403285,1706946137,
Uganda,UGA,"Foreign direct investment, net inflows (BoP, current US$)",BX.KLT.DINV.CD.WD,,,,,,,,,,4200000,-1200000,-11900000,5200000,1700000,2100000,2050000,800000,1970000,2000000,4000000,,2020000,,,-4000000,,,4700000,-1760000,-5910000,1000000,3000000,54600000,88200000,121200000,121000000,175000000,210000000,140200000,160700000,151496150.7,184648059.2,202192593.6,295416479.8,379808340.7,644262499.9,792305780.9,728860900.7,841570802.7,543872727.3,894293858,1721169095,
Ukraine,UKR,"Foreign direct investment, net inflows (BoP, current US$)",BX.KLT.DINV.CD.WD,,,,,,,,,,,,,,,,,,,,,,,,,,,,,,,,200000000,200000000,159000000,267000000,521000000,623000000,743000000,496000000,595000000,792000000,693000000,1424000000,1715000000,7808000000,5604000000,10193000000,10700000000,4769000000,6451000000,7207000000,7833000000,
Uruguay,URY,"Foreign direct investment, net inflows (BoP, current US$)",BX.KLT.DINV.CD.WD,,,,,,,,,,2130000,-830000,-1140000,1390000,-80000,22640000,3150000,66000000,128800000,215500000,289500000,48600000,-13700000,5600000,3400000,-7900000,37000000,50100000,46800000,37700000,41540000,32340000,11300000,101500000,154500000,156600000,136800000,126400000,164100000,235300000,268589000,296794928.2,193748504.7,416407520.4,332369488.4,826626704.3,1508350269,1358736506,2141969341,1602591813,2191067967,2722922748,2906636723,
United States,USA,"Foreign direct investment, net inflows (BoP, current US$)",BX.KLT.DINV.CD.WD,,,,,,,,,,1260000000,870000000,1350000000,2120000000,3330000000,2560000000,3250000000,2900000000,5850000000,8700000000,16930000000,25190000000,12474000000,10470000000,24760000000,20010000000,35419000000,58471000000,57736000000,68250000000,48490000000,23180000000,19810000000,51380000000,46130000000,57800000000,86520000000,1.06E+11,1.79E+11,2.89E+11,3.21E+11,1.67E+11,84370000000,63750000000,1.46E+11,1.38E+11,2.94E+11,3.40E+11,3.33E+11,1.54E+11,2.59E+11,2.53E+11,2.04E+11,
Uzbekistan,UZB,"Foreign direct investment, net inflows (BoP, current US$)",BX.KLT.DINV.CD.WD,,,,,,,,,,,,,,,,,,,,,,,,,,,,,,,,9000000,48000000,73000000,-24000000,90000000,166800000,139600000,121200000,74700000,82800000,65300000,82600000,176600000,191600000,173800000,705200000,711300000,842000000,1628000000,1467000000,1094000000,
St. Vincent and the Grenadines,VCT,"Foreign direct investment, net inflows (BoP, current US$)",BX.KLT.DINV.CD.WD,,,,,,,,,,,,,,,,,,-500000,600000,1100000,500000,1500000,2100000,1400000,1800000,7370370.37,4962962.963,9111111.111,10592592.59,7666666.667,8896296.296,13900000,31400000,46914814.81,30640740.74,42644444.44,92470370.37,88951851.85,56796296.3,37744444.44,21040370.37,34048255.56,55164448.15,65686166.67,40087314.81,109112344.4,119406900,159243360,110221666.3,97218108.89,85623860.37,125325930.7,
"Venezuela, RB",VEN,"Foreign direct investment, net inflows (BoP, current US$)",BX.KLT.DINV.CD.WD,,,,,,,,,,-23000000,211000000,-376000000,-84000000,-430000000,418000000,-889000000,-3000000,67000000,88000000,55000000,184000000,257000000,86000000,18000000,68000000,16000000,21000000,89000000,213000000,451000000,1916000000,629000000,372000000,813000000,985000000,2183000000,6202000000,4985000000,2890000000,4701000000,3683000000,782000000,2040000000,1483000000,2706000000,198000000,2517000000,1258000000,-2553000000,1903000000,3889000000,2199000000,
Virgin Islands (U.S.),VIR,"Foreign direct investment, net inflows (BoP, current US$)",BX.KLT.DINV.CD.WD,,,,,,,,,,,,,,,,,,,,,,,,,,,,,,,,,,,,,,,,,,,,,,,,,,,,,
Vietnam,VNM,"Foreign direct investment, net inflows (BoP, current US$)",BX.KLT.DINV.CD.WD,,,,,,,,,,70000,1820000,-890000,1030000,1250000,4090000,-340000,-10000,463333.3333,-60000,1666666.667,17910000,13050000,131111.1111,690000,-80000,40000,10363703.7,7680000,4070000,180000000,375190278,473945856,926303715,1944515936,1780400000,2395000000,2220000000,1671000000,1412000000,1298000000,1300000000,1400000000,1450000000,1610000000,1954000000,2400000000,6700000000,9579000000,7600000000,8000000000,7430000000,8368000000,
Vanuatu,VUT,"Foreign direct investment, net inflows (BoP, current US$)",BX.KLT.DINV.CD.WD,,,,,,,,,,,10000,40000,2800000,1790000,3250000,10100000,2350000,4920000,4890000,4635500,7121000,6932931.424,5867099.903,7437905.972,4625776.267,2017424.641,12893061.84,10813576.86,9168584.205,13111196.87,25474518.48,26452893.62,25967921.31,29786175.56,31044914.67,32732115.61,30233300.36,20383379.42,13403366.62,20256089.64,18004322.08,14162544.81,18010732.39,19840843.5,13251642.41,43447011.63,34155234.68,37694497.49,32140846.43,41539938.99,58120161.26,37702975.78,
West Bank and Gaza,PSE,"Foreign direct investment, net inflows (BoP, current US$)",BX.KLT.DINV.CD.WD,,,,,,,,,,,,,,,,,,,,,,,,,,,,,,,,,,,122600000,177200000,163000000,218153104.7,188631782,62005481.83,19176400.67,9440000,17972000,48900000,36242000,18587960,19596000,51508000,300468000,153641047.8,235320965.6,,
Samoa,WSM,"Foreign direct investment, net inflows (BoP, current US$)",BX.KLT.DINV.CD.WD,,,,,,,,,,20000,10000,15000,15000,160000,20000,65000,300000,310000,60000,223333.3333,197777.7778,160370.3704,-100000,10000,430000,-200000,550000,120000,156666.6667,6600000,3190000,5000000,5000000,3000000,3440000,1160000,19990000,3000000,2000000,-1540000,1200000,-70000,510000,2301483.128,3763664.371,28429959.18,6821727.439,45899093.79,9868116.508,1039671.911,15191487.57,23507733.59,
"Yemen, Rep.",YEM,"Foreign direct investment, net inflows (BoP, current US$)",BX.KLT.DINV.CD.WD,,,,,,,,,,,,,,,,,,,,,,,,,,,,,,-130900000,282500000,718000000,903000000,15800000,-217700000,-60100000,-138500000,-219400000,-307600000,6399511.23,155140748.1,114301962.2,-89106971.95,143578198.5,-302056736.8,1120975102,917299000,1554624168,129193634.2,-93325353.29,-712813328.9,348809242.1,
South Africa,ZAF,"Foreign direct investment, net inflows (BoP, current US$)",BX.KLT.DINV.CD.WD,,,,,,,,,,333605987.6,260062023.4,114416029.7,27373025.18,696123636.3,187962807.7,18400004.6,-121900030.5,-109250027.3,-484547334.2,-10300000,65000000,329700000,70900000,419500000,-452643658.3,-50487073.7,-191667969.8,158437159.5,-201208430.6,-75722412.12,254133621.7,3358018.174,11290546.02,374410441.1,1248424933,816389273.8,3810543923,550338596,1503332454,968831356,7270344986,1479804589,783136092.3,701422007.6,6522098178,623291744.3,6586792253,9885001293,7624489974,3693271715,4139289123,4643830666,
"Congo, Dem. Rep.",COD,"Foreign direct investment, net inflows (BoP, current US$)",BX.KLT.DINV.CD.WD,,,,,,,,,,6430000,5740000,10470000,17720000,51980000,9120000,238430000,18190000,97680000,143850000,109620000,69630000,-2370000,-192790000,-32450000,69190000,5550000,-55080000,-3940000,-6110000,-14460000,12390000,-730000,6870000,-1500000,-22350000,24790000,-44350000,61330000,11160000,71989000.92,80297699.59,141051649.4,391254723.6,409032814.5,166600000,237700000,1793700000,1672700000,-278000000,2728800000,1596024304,2891607809,
Zambia,ZMB,"Foreign direct investment, net inflows (BoP, current US$)",BX.KLT.DINV.CD.WD,,,,,,,,,,9520000,8420000,29000000,32000000,38000000,38000000,31000000,42960000,38600000,35200000,61700000,-38400000,39000000,25700000,17200000,51500000,28300000,74500000,93300000,163700000,202700000,34300000,45000000,314400000,40000000,97000000,117100000,207400000,198000000,162000000,121700000,145000000,298390000,347000000,389040000,356940000,615790000,1323900000,938600000,694800000,1729300000,1108300000,1066200000,
Zimbabwe,ZWE,"Foreign direct investment, net inflows (BoP, current US$)",BX.KLT.DINV.CD.WD,,,,,,,,,,18670000,21840000,23490000,30490000,33350000,28870000,29090000,-3815193.517,2519175.293,146951.3925,1549689.61,3546064.699,-841285.0402,-2074321.691,-2488197.113,2848609.099,7445128.094,-30506683.75,-18033621.86,-10180763.08,-12205847.82,2790485.896,14949899.55,27955135.35,34648879.65,117700000,80900000,135100000,444300000,59000000,23200000,3800000,25900000,3800000,8700000,102800000,40000000,68900000,51600000,105000000,165900000,387000000,399500000,
